No.;Type;E(HOMO);E(LUMO);He8_steric;PA;Q(Pd);BE(Pd);Pd-Cl trans;P-Pd;DP-A(Pd);DA-P-A(Pd);PC1;PC2;PC3;PC4;BDE1;BDE2;BDE3;COMP1;DIM1;REORG1;REDOX1;REDOX2;REDOX3;REDOX4;A_NBO_P;B_NBO_Pd;B_NBO_P;B_LENGTH_Pd_P;B_B1;B_lval;B_newB5;C_NBO_Pd;C_NBO_P;C_LENGTH_Pd_P;C_ANGLE_P_Pd_P;D_NBO_Pd;D_NBO_P;D_LENGTH_Pd_P;D_LENGTH_Pd_Pd;D_ANGLE_P_Pd_P;D_ORDER_Pd_Pd;E_NBO_Pd;E_NBO_P;E_LENGTH_Pd_P;E_ANGLE_I_Pd_I;F_NBO_Pd;F_NBO_P;F_LENGTH_Pd_P;F_ANGLE_P_Pd_P;F_ANGLE_I_Pd_I;G_NBO_Pd;G_NBO_P;G_LENGTH_Pd_P;G_LENGTH_Pd_Pd;G_TORSION_Pd_I_I_Pd;G_ORDER_Pd_Pd;PC1';PC2';PC3';PC4'
15;R;-0.175;0.0235;37.82;247.52;-1.257;30.03;2.379;2.337;0.004;1.2;3.974;-0.843;-0.153;-0.008;-51.27576221;-31.01155965;-31.53837521;-53.67051228;-25.4676268;-45.2050138;93.20744964;126.6137594;126.0869438;134.5524423;0.82404;-0.19728;1.00587;2.239628088;3.81735817;7.533755317;5.257660239;-0.53475;1.004215;2.318453123;179.9743765;-0.29204;1.10544;2.302022729;2.665865527;177.2301569;0.4455;-0.11735;1.38291;2.249546015;156.8284839;-0.37708;1.20683;2.388573341;171.4046031;153.6996009;-0.379685;1.297005;2.312151505;3.226557132;103.0598421;0.1171;-0.986787804;0.414055931;0.017615135;-0.63263922
16;R;-0.17267;0.02754;23.38;250.8;-1.2;23.9;2.382;2.418;0.016;-0.9;5.544;-2.692;-1.676;0.102;-42.20337544;-34.27049698;-9.695311684;-48.90593933;-8.061531088;-40.56959485;96.40797524;137.3810361;161.9562214;170.2925659;0.85479;-0.1545;1.00392;2.238188043;4.052263607;6.562046669;4.895420276;-0.47696;1.017205;2.31287336;179.6571981;-0.270395;1.12565;2.323136597;2.694541111;176.6696464;0.4334;-0.15338;1.37778;2.2817063;138.862425;-0.17255;1.18903;2.48733578;158.3132856;112.956567;-0.27801;1.232615;2.413733779;4.305072604;174.4515786;0.0264;1.198716936;1.162346506;0.901050785;-0.055612373
19;R;-0.1834;0.019;31.31;243.63;-1.282;28.25;2.377;2.308;-0.017;6.5;3.197;-0.314;-0.384;-2.033;-42.17946482;-32.2421723;-11.9834548;-39.49255637;-18.396413;-48.59242303;107.2966368;136.8519006;157.1106181;148.0107515;0.77129;-0.16363;0.94102;2.227462908;4.458337281;5.886905354;6.128660553;-0.54528;0.921815;2.316329503;179.9743765;-0.314185;1.04137;2.317428928;2.707061661;174.1229022;0.4522;-0.11183;1.33745;2.234626615;160.0827271;-0.31359;1.114865;2.403230271;168.870814;145.9211126;-0.34026;1.205245;2.314010099;3.620629111;124.149654;0.0713;-0.146168569;-0.318877411;0.877641799;-0.227544379
36;R;-0.1784;0.023;19.69;245.86;-1.275;34.79;2.379;2.321;-0.005;1.7;3.696;0.613;-0.142;0.275;-49.99716454;-30.5316247;-30.89870646;-52.46115088;-26.89608817;-45.99454625;94.80358155;127.7991926;127.4321108;133.8987154;0.8173;-0.19486;0.99424;2.235148036;3.366917568;7.584957142;5.211838798;-0.53155;0.99587;2.314942215;179.9082002;-0.293325;1.09497;2.299694941;2.665404568;176.8701809;0.4444;-0.12437;1.36304;2.253336657;154.9836152;-0.38929;1.193395;2.387945044;171.9055975;152.8805895;-0.365385;1.28004;2.31729353;3.187954986;101.3411759;0.1254;-1.135555115;0.275201369;0.181930734;-0.516077801
37;R;-0.1779;0.0222;18.53;246.58;-1.253;35.72;2.38;2.334;-0.002;0.5;3.734;0.141;-0.687;0.366;-47.37909262;-32.96315247;-27.93333815;-50.87151871;-24.24096244;-43.68671691;95.99889302;132.4544716;137.4842859;144.6690877;0.82542;-0.17818;1.0018;2.220079784;3.901041685;6.610415482;4.873902396;-0.51915;0.99819;2.301508896;178.4948351;-0.282955;1.107875;2.293424174;2.678518441;177.2734756;0.4349;-0.13626;1.34748;2.247405751;148.9076535;-0.34577;1.20467;2.441059827;179.7095363;179.9743765;-0.38715;1.28405;2.346423558;3.102410735;95.39119692;0.1369;-0.904739225;0.447820201;0.106396436;-0.301205115
38;R;-0.1761;0.0229;25.93;246.89;-1.267;30.17;2.378;2.334;0.002;1.3;3.811;-0.223;-0.366;-0.019;-50.92249319;-30.20225249;-31.20785968;-53.73883552;-26.14644147;-45.86107498;94.0030727;127.0216675;126.0160603;133.8938209;0.82086;-0.19593;1.00012;2.237134485;3.376479177;7.560309036;5.235634032;-0.53296;1.00007;2.316719531;179.8972403;-0.29266;1.099785;2.300977308;2.665671762;176.50529;0.445;-0.12003;1.37537;2.249163535;157.0384519;-0.38409;1.20025;2.38865024;171.7423413;153.4262259;-0.37885;1.28644;2.316204306;3.239472663;103.3217644;0.1152;-1.040206489;0.31654996;0.127168667;-0.580331248
39;R;-0.1752;0.0227;16.68;248.6;-1.285;31.24;2.379;2.323;0;3.4;3.817;0.101;0.261;0.219;-56.01508858;-32.34387841;-26.76664927;-55.68274072;-19.47351424;-48.72195354;91.97737288;123.9889034;129.5661326;136.5269198;0.82212;-0.20198;1.01919;2.216885084;3.922115346;7.590757627;6.278540545;-0.5609;1.00067;2.297586603;177.2065799;-0.296905;1.119725;2.282242439;2.663849321;178.788147;0.4417;-0.11839;1.40253;2.234088558;159.4103993;-0.34039;1.19713;2.384783666;166.9753433;157.614557;-0.362885;1.295805;2.300573919;3.230059529;103.5446945;0.1215;-1.275353246;0.442775582;0.071003143;-0.637937223
40;R;-0.1788;0.02253;15;245.67;-1.266;35.99;2.379;2.332;-0.008;0.5;3.12;0.829;-0.656;1.106;-51.0236747;-31.19226921;-19.92370461;-53.84572549;-16.24333253;-47.34330262;93.51107638;127.5253964;138.793961;145.2963838;0.8313;-0.18128;1.00462;2.223468919;3.373343621;6.614010344;4.871761933;-0.49171;1.00008;2.305158099;177.2309268;-0.29853;1.11291;2.292271864;2.665317769;178.0234827;0.446;-0.12629;1.3708;2.244692255;156.5000908;-0.32531;1.184475;2.421913326;164.9755715;158.8466158;-0.348165;1.254485;2.325473822;4.081616692;167.3942263;0.03;-0.363450928;0.181895296;0.817959696;-0.657653422
41;R;-0.1725;0.0283;20.96;250.18;-1.2;21.83;2.379;2.43;0.018;-1.4;5.136;-2.743;-1.768;-0.113;-51.14874048;-34.25412024;-17.19957731;-53.66269352;-14.99009691;-48.93926008;91.43238339;128.2004567;145.2549996;149.978433;0.84476;-0.17376;1.01303;2.235537487;3.680801471;6.58122473;4.885604026;-0.49297;1.014965;2.313603805;178.9064097;-0.293515;1.130725;2.303348453;2.670323182;178.0485153;0.4444;-0.1315;1.40817;2.264600213;151.30199;-0.25016;1.200605;2.482924965;164.2660208;151.7624022;-0.319535;1.279885;2.358548501;4.18213362;175.1861995;0.0276;0.402554159;0.744353335;0.697837298;-0.610527754
42;R;-0.1766;0.022;30.21;248.25;-1.241;29.09;2.379;2.356;0.002;0.7;4.753;-2.134;-1.463;-0.644;-45.0423351;-34.38771011;7.429553093;-50.19921131;-12.41953562;-64.89142381;95.32458009;134.8691664;176.6864296;161.9942171;0.84696;-0.15701;1.00447;2.237408116;4.001879698;6.575756292;6.19866738;-0.50726;1.008535;2.31141818;176.4628091;-0.297665;1.12273;2.324996214;2.696282317;178.1715202;0.4437;-0.24849;1.23058;2.327086571;91.94773983;-0.25006;1.17341;2.4660328;160.512844;116.3464442;-0.30954;1.25201;2.353171629;3.563623606;114.587419;0.0813;0.657120974;1.031864858;0.320937079;-0.0023728
43;R;-0.1727;0.026;22.86;250.62;-1.249;33.95;2.379;2.364;0.004;1.3;5.166;-1.303;-0.076;0.069;-52.12235285;-34.98331577;-18.41620528;-54.46544759;-16.92394314;-50.6300907;90.02270589;127.3491164;143.9162269;147.7515838;0.85527;-0.17793;1.02625;2.236245633;4.002638818;7.113406241;6.617039697;-0.50544;1.02591;2.312443608;177.9469813;-0.28878;1.14478;2.302915739;2.669695167;177.3231772;0.4433;-0.13088;1.43049;2.265255695;151.0914476;-0.24865;1.21553;2.476750698;162.9741561;149.8137128;-0.31998;1.299765;2.352620413;3.525353336;114.352055;0.0855;-0.330529678;0.977002068;0.011642211;-0.507153598
44;R;-0.18216;-0.03031;22.57;247.13;-1.241;35.82;2.376;2.342;0.002;1;3.729;-1.037;-0.338;-0.286;-48.84375816;-30.02699285;-16.32027774;-55.91038234;-14.79431395;-47.31779436;92.80543442;129.8990515;143.6057666;152.1983546;0.84807;-0.17265;1.00875;2.233937279;3.821403955;9.435426249;5.513054087;-0.48363;1.00624;2.311516146;176.6885113;-0.2914;1.12176;2.304107144;2.67069452;177.415579;0.4435;-0.14098;1.38332;2.263385536;150.8069868;-0.3181;1.201055;2.436403143;154.6668946;143.1800178;-0.32933;1.255625;2.366215972;3.424117126;107.8650857;0.0924;-0.312084741;0.603844454;0.043848094;0.15429663
45;R;-0.1706;0.0232;30.37;253.62;-1.194;23.5;2.378;2.429;0.019;-0.8;5.503;-3.139;-1.677;-0.362;-44.15817735;-35.02008092;-10.39396633;-50.7192598;-11.00277605;-44.76698707;94.35966878;135.9408322;160.5669467;166.5192195;0.86967;-0.1618;1.02931;2.239083084;4.058244831;7.344360183;6.878578627;-0.49552;1.034165;2.310598664;178.2737447;-0.263235;1.14571;2.323580169;2.696111271;176.5757883;0.4306;-0.15484;1.41578;2.284649444;138.7329658;-0.14533;1.209655;2.492476324;158.5909544;112.5559285;-0.270445;1.25784;2.400578644;3.492657745;107.6854628;0.0927;0.727743405;1.593900011;0.056527521;0.209289877
46;R;-0.1717;0.0208;28.52;250.35;-1.229;28.69;2.378;2.389;-0.005;3.7;6.049;-0.146;3.119;-2.206;-44.80660802;-35.77356923;0.024209944;-53.1366021;-9.220423162;-54.05124112;91.96129609;136.0648594;171.8626386;170.9479996;0.85254;-0.15944;1.0086;2.232988968;4.026329144;6.629000595;7.011495026;-0.5003;1.01312;2.312957855;179.9743765;-0.2867;1.13559;2.31068202;2.705827111;169.7909059;0.4318;-0.17673;1.40363;2.271032424;141.5099137;-0.25632;1.19427;2.469270467;158.658501;127.2549359;-0.279355;1.231755;2.409059983;3.709239017;117.6720063;0.0706;0.64951048;1.235999873;0.268430436;0.113136719
47;R;-0.1806;0.0156;27.5;244.77;-1.231;28.29;2.376;2.339;-0.002;0.4;3.333;-1.943;-1.698;-0.713;-39.71813725;-31.95775048;-9.921493091;-43.30142608;-15.50732162;-45.30396577;103.9744384;139.5154777;161.5517351;159.5491954;0.81103;-0.16068;0.97405;2.228971049;3.982469122;6.614569455;6.196219991;-0.53044;0.96633;2.308417843;176.4459223;-0.283845;1.084275;2.315552469;2.680799456;169.1110277;0.456;-0.1235;1.37416;2.254329654;157.4541584;-0.28074;1.143005;2.419418768;170.0695594;140.5008025;-0.34243;1.208205;2.343989564;3.533378819;115.2009544;0.0823;0.109379831;0.234441988;0.578604851;0.210657961
49;R;-0.1763;0.0232;20.75;249.48;-1.272;34.86;2.378;2.324;-0.003;1.5;3.915;0.301;-0.298;0.171;-51.66390382;-31.53914517;-32.76502262;-53.85598527;-26.64027514;-45.53915633;93.03687247;126.7680991;125.5422216;133.8590506;0.832;-0.2047;1.02156;2.237102141;3.84489933;7.582736347;6.56230561;-0.55104;1.00838;2.314762242;179.1316109;-0.289085;1.114185;2.299712475;2.664611375;175.006748;0.4451;-0.11918;1.3976;2.255958688;154.4441694;-0.3709;1.20379;2.378936422;172.7120782;149.6289682;-0.381075;1.294805;2.320592164;3.379729829;109.8627456;0.0962;-1.07135581;0.41503209;0.055452056;-0.61487683
50;R;-0.173;0.0245;18.49;252.65;-1.25;38.23;2.38;2.337;-0.004;0.8;4.153;0.842;-0.552;0.361;-48.35674803;-32.73340995;-30.27748209;-53.63074701;-25.69806962;-43.77733556;93.78069713;131.7881061;134.2440339;144.0974454;0.8415;-0.18846;1.02839;2.220895031;4.287438166;6.680616197;6.803008496;-0.53554;1.006335;2.299800222;169.9445654;-0.272085;1.12349;2.295187128;2.67898052;176.9206686;0.4332;-0.13037;1.36955;2.249462624;147.8446595;-0.32861;1.22467;2.440060772;179.8641689;179.9079436;-0.376735;1.315095;2.348409911;3.090736596;94.75293371;0.1399;-0.941889448;0.637970598;-0.239464267;-0.365896476
52;R;-0.1778;-0.0288;26.39;252.42;-1.24;36.17;2.377;2.345;0.004;0.8;3.934;-1.667;-0.839;0.104;-49.85095608;-46.93942935;-21.3355169;-49.50410648;-33.85403022;-62.3694694;81.63245207;128.2250318;153.8289443;140.9635813;0.83053;-0.19424;1.00231;2.220362706;3.469758806;9.173957027;6.795452525;-0.50659;1.00309;2.288091237;166.1788956;-0.276945;1.11212;2.284947525;2.672783885;166.1996205;0.4454;-0.12397;1.369;2.244499879;161.0852605;-0.3145;1.16543;2.403273233;168.5992052;150.8235767;-0.361815;1.272665;2.309643448;3.095525195;96.86262518;0.1375;-0.815093455;0.313644221;-0.295300426;0.114542719
54;R;-0.1731;0.019;19.31;253.11;-1.267;36.45;2.377;2.333;-0.004;0.8;4.326;0.06;-0.68;0.479;-54.03016935;-33.33868804;-11.21174926;-57.61108997;-18.58011641;-61.39853651;88.79242332;125.712032;147.8389708;144.0515242;0.86485;-0.20137;1.06313;2.233755336;4.54769837;8.33601163;6.82566991;-0.52066;1.03066;2.309575353;170.1923998;-0.284475;1.15001;2.302055522;2.669974386;178.6424636;0.4446;-0.12968;1.45098;2.263933569;152.2540785;-0.21634;1.19823;2.520942775;164.1689321;149.5368142;-0.332865;1.308735;2.349930391;3.493393997;113.8837434;0.087;-0.382255264;0.950224829;-0.268252889;-0.60675704
55;R;-0.169;0.0206;32.18;256.19;-1.194;23.88;2.378;2.436;0.021;-0.7;5.775;-3.378;-1.697;-0.329;-45.26975395;-35.78793292;-12.98973468;-52.58932597;-7.957535193;-40.23755447;92.30133721;135.4088421;158.2070404;170.5588119;0.88128;-0.17057;1.05431;2.23998467;4.421947313;7.347247803;6.883764204;-0.49607;1.0466;2.311211609;168.0296789;-0.255085;1.16328;2.325782713;2.698413454;176.5492904;0.4286;-0.15172;1.44481;2.288672429;137.8361107;-0.1305;1.232355;2.502735463;158.448845;112.1433464;-0.27516;1.298185;2.406017843;4.246659208;166.4307993;0.0311;1.148678969;1.617157271;0.294505905;-0.101679783
60;R;-0.1795;-0.0603;24.22;252.72;-1.216;29.76;2.376;2.322;0.008;-0.7;2.655;-2.269;-0.841;-0.47;-55.13164305;-35.53187767;-22.17808646;-53.21370419;-23.19555546;-56.14911206;93.8742588;127.4881976;140.8419888;137.906581;0.85414;-0.01574;0.97045;2.288070988;4.135830835;8.748334724;8.366799133;-0.38119;0.972355;2.309033197;148.985215;-0.228255;1.07452;2.287611774;2.678594676;164.9042979;0.4512;-0.15142;1.40476;2.237255882;158.5918493;-0.24512;1.14272;2.409562153;161.0820599;160.7850945;-0.40534;1.292665;2.302592284;3.943591414;157.6635448;0.0461;0.216921263;-0.779848422;-0.466573997;-0.272070067
61;R;-0.1713;-0.0408;44.88;254.68;-1.193;17.14;2.38;2.364;0.037;-0.6;5.197;-5.632;-1.431;-1.704;-48.32826663;-31.93919126;-3.339040173;-50.93368608;-13.83487075;-58.82409721;94.3989948;128.9436055;157.5437566;149.6533455;0.87954;-0.15092;1.01641;2.260028107;3.986400478;10.33231781;8.798577587;-0.47232;1.028605;2.333418507;176.7625499;-0.287895;1.1483;2.348610953;2.697731484;178.0852729;0.4514;-0.15932;1.42936;2.267859054;148.8624998;-0.25479;1.21571;2.465983703;161.5716222;132.4030881;-0.337645;1.29227;2.371901928;4.174498573;179.9614857;0.0291;0.963396731;0.648155655;-0.185333521;-0.302855739
73;Ar;-0.1817;-0.0487;30.11;244.1;-1.23;25.85;2.382;2.323;0.008;1.1;2.516;-4.169;0.005;0.723;-46.35547717;-29.45402146;-25.92744944;-52.12954348;-26.99796183;-47.42598955;93.41312717;128.6412149;132.167787;136.8713409;0.85546;-0.11852;0.96502;2.232798334;4.427201386;7.178688656;6.590666725;-0.38276;0.960075;2.300248815;156.7271845;-0.274005;1.07463;2.309418177;2.666846249;174.7590229;0.446;-0.10222;1.33179;2.235584477;159.2759837;-0.35562;1.1433;2.37911826;171.7125399;167.495162;-0.3757;1.218655;2.313669081;3.302551938;108.1201355;0.1017;-0.523022739;-0.605055808;-0.128763969;0.016822197
76;Ar;-0.16578;-0.03693;16.47;257.35;-1.257;22.46;2.379;2.308;-0.004;0.7;2.59;-1.976;1.325;0.666;-49.48260801;-30.48596083;-25.88157222;-50.59173105;-23.16049023;-46.76152601;95.88206957;127.4771534;132.0815421;135.9117471;0.85309;-0.14862;0.98324;2.232329926;4.576906863;8.27943333;6.525329716;-0.4629;0.99179;2.302131606;166.8002287;-0.28355;1.09156;2.299421616;2.668491494;179.4922013;0.4419;-0.10474;1.35491;2.228323005;160.0045546;-0.36041;1.176695;2.369127913;168.790954;170.2323498;-0.38012;1.243205;2.30381111;3.283395134;107.0305071;0.1041;-0.841210279;-0.247035883;-0.312245342;-0.193575784
78;Ar;-0.16792;-0.03707;8.3;251.6;-1.24;30.7;2.374;2.305;-0.001;0;1.785;0.113;0.093;1.082;-48.25902723;-29.54487228;-25.17504045;-50.37759971;-25.87812092;-48.9621077;97.15192917;128.8153739;133.1852058;134.6006978;0.84027;-0.14648;0.98246;2.208159669;4.939332397;8.174200062;7.959320573;-0.46033;0.987505;2.287503801;179.9041695;-0.28856;1.090045;2.278332879;2.663424085;176.2165265;0.4349;-0.11497;1.34132;2.225896567;162.1932203;-0.39585;1.175375;2.354635067;167.2489534;171.4308759;-0.38902;1.24514;2.289751886;3.271502466;107.7061359;0.1047;-1.075360625;-0.291751118;-0.121804824;0.271642534
81;Ar;-0.1417;-0.02166;8.6;264.8;-1.27;28;2.378;2.311;-0.004;0.2;3.476;0.817;0.041;0.55;-53.88000633;-26.67073445;-22.64559358;-56.39948207;-22.11627677;-53.35068952;94.10786176;123.298072;127.3232128;130.3720054;0.83259;-0.17811;0.99512;2.212974215;5.660933431;8.206619291;8.626452456;-0.33119;0.95443;2.28651374;136.9957224;-0.288905;1.093595;2.282392528;2.666257271;176.3030092;0.4322;-0.13066;1.35997;2.231451977;160.7052932;-0.39165;1.17845;2.360697363;166.500573;171.5605615;-0.38474;1.259905;2.298206323;3.174064302;101.5304599;0.1211;-1.105697739;-0.423310604;-0.752045239;-0.24021378
83;Ar;-0.1741;-0.0438;8.4;251.85;-1.245;32.49;2.37;2.299;-0.004;0.7;1.577;0.467;0.396;0.994;-47.69253676;-26.56539443;-25.50964734;-53.33316318;-29.2748173;-51.45770671;96.6187971;128.8248179;129.880565;131.7560215;0.83777;-0.14207;0.98186;2.208796054;5.385824388;8.409442999;7.865971264;-0.31466;0.928405;2.277468064;135.3226455;-0.28458;1.089325;2.282181048;2.661984002;175.4023802;0.4394;-0.11479;1.34129;2.226397734;162.5127892;-0.36932;1.163495;2.349896672;160.043958;176.6969162;-0.393215;1.213485;2.290254689;3.170008724;103.5588056;0.1227;-1.038947023;-0.842266853;-0.363663706;0.451545929
85;Ar;-0.149;-0.0517;9.74;252.81;-1.214;36.35;2.367;2.336;-0.003;0.3;2.688;-0.002;0.209;0.029;-47.67484726;-32.57502781;-1.063069491;-39.1016305;-1.185189115;-47.79696689;103.5356398;127.5374508;159.0494091;150.3540728;0.91378;-0.19184;1.04849;2.22394861;4.539072842;6.59535435;7.315027358;-0.52635;1.049715;2.28497623;165.1048358;-0.22153;1.166715;2.274050777;2.66503246;156.2346964;0.4197;-0.12763;1.42984;2.232638253;155.78594;-0.30196;1.23754;2.352788042;160.8873709;141.3931696;-0.32382;1.318565;2.324940657;3.156178205;98.56913181;0.1296;-0.738678597;1.054473662;-0.783943373;0.837560815
86;Ar;-0.1787;-0.0733;23.53;245.24;-1.224;25.84;2.362;2.301;0.01;1.8;2.027;-3.328;2.875;-0.299;-45.12552089;-30.06565497;-25.53568899;-64.81105867;-31.28110322;-50.87093513;77.3541425;127.1053352;131.6353012;145.5754248;0.85606;-0.10956;0.95452;2.241530536;4.948040704;8.603164245;6.693366315;-0.36042;0.95566;2.295698422;150.8549769;-0.29197;1.0673;2.291280102;2.666130516;167.9360221;0.4427;-0.10512;1.32162;2.232719859;159.6711003;-0.36537;1.157845;2.377376348;166.5152141;172.9849852;-0.348795;1.214255;2.305512542;3.316540067;109.2312297;0.0986;-0.509437253;-0.875249083;-0.335925571;0.65898879
93;Ar;-0.1541;-0.0508;8.5;244.71;-1.227;33.66;2.366;2.308;0.002;0.2;1.395;-0.125;0.246;0.247;-53.00232134;-38.89969606;-24.98914704;-53.52544464;-18.93844316;-46.95161747;84.47523953;123.8980589;137.8086079;144.3824351;0.88151;-0.12136;1.00385;2.20348003;4.109286794;8.823461426;6.381902386;-0.47908;0.99906;2.291310115;176.9048016;-0.288225;1.112215;2.275468845;2.668071383;159.5862081;0.4396;-0.14121;1.3704;2.225285435;159.5104761;-0.40813;1.19837;2.35486267;168.2170448;178.7228153;-0.3743;1.25778;2.29386349;3.302052276;109.1903772;0.0982;-1.1316654;-0.08162938;-0.307077233;0.492956215
96;Ar;-0.17214;-0.04159;14.43;252.06;-1.242;24.65;2.376;2.297;-0.001;0.7;2.151;-1.395;1.238;0.599;-54.41559196;-28.94504223;-26.9619114;-56.76320541;-12.87058317;-40.32426373;91.12682141;122.4194771;124.4026079;140.8415496;0.85548;-0.13723;0.98211;2.21929948;4.210189589;8.610371008;6.514698175;-0.38923;0.974205;2.288088667;149.6015874;-0.27535;1.09056;2.29124093;2.663767057;176.8308515;0.4433;-0.11241;1.33151;2.229851427;162.9336509;-0.43864;1.163825;2.366585961;170.5177203;173.8778834;-0.396415;1.234375;2.302864312;3.277457319;107.1220763;0.1042;-1.031104605;-0.559801882;-0.259870989;-0.072880339
101;Ar;-0.1905;-0.0508;9.38;242.07;-1.232;33.79;2.37;2.311;0.001;0.3;1.449;0.068;0.259;0.563;-52.34355999;-31.55862996;-28.39044117;-50.81034908;-16.61353301;-40.56665183;96.82243648;126.8478555;130.0160443;140.2597416;0.83213;-0.13845;0.97443;2.208731435;3.432902088;7.423598076;6.427764875;-0.42628;0.97668;2.292876173;171.6512925;-0.286025;1.087775;2.276675637;2.660490527;178.1078713;0.4358;-0.0788;1.33872;2.219121362;163.2707402;-0.39759;1.173145;2.365479466;169.6295004;178.6613115;-0.36183;1.22276;2.299388971;3.31174176;108.9458352;0.0971;-1.104382183;-0.472350318;0.251693307;0.322354232
102;Ar;-0.1846;-0.0535;9.22;245.31;-1.228;31.75;2.368;2.325;0;0.2;2.071;-1.056;-0.3;0.666;-47.43682287;-31.77338693;-25.71244837;-50.31119038;-19.10595682;-40.83033132;95.76046451;130.4082189;136.4691575;145.9500166;0.84854;-0.12892;0.98434;2.212795608;4.157084151;7.405313642;6.469270599;-0.47441;0.989045;2.302304279;179.1587113;-0.30691;1.087175;2.295485236;2.671045836;179.0322156;0.4453;-0.12435;1.33797;2.239062173;156.9348942;-0.39611;1.17988;2.365064064;166.8627566;146.5405636;-0.362375;1.23301;2.32071132;4.046541798;172.8892786;0.0308;-0.331545407;-0.325372062;0.672040953;0.286153299
105;Ar;-0.1883;-0.051;10.85;246.28;-1.234;32.18;2.369;2.311;0.002;0.6;1.854;-0.349;0.715;-0.102;-49.02872411;-32.04595572;-29.98305589;-53.86010173;-26.23097579;-45.27664401;92.27973206;129.1570654;131.2199652;139.803423;0.8414;-0.13338;0.98318;2.21338847;4.373683249;7.599521643;6.582827844;-0.46902;0.97886;2.294739525;178.0394604;-0.27246;1.08926;4.936759598;2.661489047;171.786457;0.4404;-0.10594;1.3391;2.233196055;160.8162032;-0.35746;1.16937;2.373960138;176.067476;175.4497262;-0.36937;1.23932;2.29364174;3.491225774;119.0098364;0.0814;-0.886826928;-0.481421878;0.141672015;0.304123818
111;R;-0.186;-0.0444;10.5;243.86;-1.27;36.16;2.373;2.3;-0.008;1.3;2.367;0.778;0.25;0.41;-51.48650438;-35.8923687;-29.73238593;-46.63929971;-22.56539787;-44.31951632;94.85890655;125.9040706;132.0640534;134.3838368;0.81084;-0.18055;0.97566;2.225232601;3.127622181;7.285517614;6.424810954;-0.51273;0.98167;2.302073259;178.6601513;-0.303455;1.08216;2.294458806;2.66447668;176.3435937;0.4494;-0.10721;1.3492;2.232764257;162.6290685;-0.38276;1.1724;2.369086648;177.6617765;162.3852441;-0.367035;1.263305;2.298679083;3.086898069;97.3076604;0.1374;-1.382531632;-0.221310386;0.065399842;-0.026098936
112;R;-0.1804;-0.046;22.9;248.87;-1.228;31.38;2.376;2.354;0.006;0;3.811;-1.99;-0.647;0.362;-50.55726446;-30.10665267;-28.70983535;-52.2450868;-21.12306728;-42.97049639;95.13847082;126.9329458;128.3297632;137.6043536;0.8352;-0.15985;0.99316;2.21447384;3.677527923;7.732183817;6.472373758;-0.47097;0.99149;2.297123085;179.0903654;-0.286745;1.093055;2.290724065;2.664619968;173.4901609;0.4423;-0.11414;1.37473;2.23393296;162.6275592;-0.40008;1.18966;2.374238849;172.4840509;161.888983;-0.396545;1.268205;2.302349732;3.277626746;107.6468925;0.1078;-0.969295852;-0.045634921;-0.055326742;0.056000135
113;R;-0.1764;-0.0389;15.93;245.85;-1.275;35.05;2.375;2.313;-0.004;2.9;2.937;-0.687;0.566;0.46;-46.92762464;-32.66609512;-17.02535809;-52.07298605;-17.70083755;-47.6031041;93.96175245;131.773209;147.413946;151.883828;0.84942;-0.15124;1.00056;2.238225213;3.940436408;7.310479717;6.482671361;-0.48103;1.009825;2.312743918;178.782701;-0.300115;1.12173;2.308820087;2.677620932;176.7398382;0.4473;-0.13938;1.38174;2.255086463;153.2656473;-0.30527;1.19417;2.426900187;165.5917027;157.9540525;-0.354985;1.263655;2.344585005;3.369690435;107.9679956;0.1009;-0.484672515;0.341688604;-0.087634165;0.036965045
116;R;-0.1919;-0.0646;30.22;240.85;-1.204;31.21;2.365;2.34;0.013;-0.2;2.652;-5.073;-0.335;0.124;-39.91698497;-28.80412869;-16.78525099;-51.15726771;-21.88766878;-45.01940276;93.96868016;134.0130916;146.0319693;152.1698342;0.87013;-0.08567;0.95034;2.230677899;3.863725366;7.81205923;7.167485061;-0.42117;0.981625;2.304194304;177.1821154;-0.293195;1.103125;2.30084762;2.675975357;175.8193158;0.4548;-0.12682;1.32899;2.253766531;154.6831939;-0.32554;1.17538;2.440084547;174.6933791;167.919614;-0.37711;1.22656;2.350520781;3.309762801;106.5258947;0.1081;-0.101281163;-0.238477076;-0.055497807;0.771648611
119;R;-0.1548;-0.0539;24.38;252.15;-1.233;31.21;2.373;2.364;0.009;-0.2;4.273;-1.832;-0.92;0.145;-44.391203;-33.41251454;-13.19611;-53.22668109;-13.76280756;-44.95790056;92.70131804;134.9493107;155.1657152;163.4344957;0.87469;-0.1642;1.025;2.231461317;4.017666703;6.665486928;7.441761029;-0.49869;1.02288;2.303112494;170.5916724;-0.255;1.12845;2.306563152;2.685705704;177.763784;0.4305;-0.13732;1.39316;2.269067091;144.2411519;-0.2308;1.198015;2.443013385;160.0458961;125.2911059;-0.330635;1.26795;2.374334149;3.307407878;102.4651784;0.108;0.142620525;0.961890145;-0.361800242;0.539643914
120;R;-0.1731;-0.041;34.44;252.54;-1.226;29.12;2.373;2.35;0.011;-1.3;4.376;-4.388;-1.286;-0.333;-46.26237358;-21.10214612;-8.955306674;-58.82723475;-12.89477994;-50.20184685;91.99171775;125.658725;137.8055645;146.4309524;0.83279;-0.17002;0.98485;2.251280402;4.712756001;8.88942447;6.830684983;-0.51452;0.958885;2.336797116;166.2775273;-0.290895;1.079835;2.312406766;2.689872967;168.8321239;0.444;-0.15011;1.40145;2.247719025;163.0562388;-0.33129;1.157765;2.397870325;170.7801025;147.6787495;-0.407005;1.252395;2.320688122;3.336985514;108.7101241;0.1139;-0.201226292;-0.072659751;-0.433224744;0.071026737
121;R;-0.1716;-0.0385;34.61;254.48;-1.228;29.24;2.374;2.347;0.011;-1.4;4.464;-4.301;-1.526;-0.196;-47.05550794;-31.15342386;-8.764016678;-48.91918605;-12.82648808;-51.11797934;91.78821642;124.8053184;147.1947256;144.9959323;0.83197;-0.17514;0.98614;2.251615095;4.713015611;8.890891302;8.784728019;-0.54054;0.969405;2.321767797;173.1481332;-0.29225;1.08132;2.311088808;2.689364857;168.9240915;0.4433;-0.14976;1.40588;2.247913241;162.9502775;-0.33299;1.158645;2.397118845;171.0499442;147.6746078;-0.40369;1.256335;2.320666423;3.342584256;108.8559625;0.1138;-0.28502357;0.081598046;-0.425733404;0.10819007
122;R;-0.153;-0.0486;16.76;255.59;-1.245;40.63;2.375;2.337;-0.002;-1.7;4.31;-0.802;-1.06;0.871;-43.49726552;-12.08008436;-21.03197173;-57.60201618;-32.63819291;-55.1034867;111.2565041;137.4413391;128.4894518;130.9879812;0.87211;-0.01816;0.98983;2.283471059;4.206011087;7.60007885;7.391841008;-0.52009;1.00188;2.312100454;163.6440459;-0.287555;1.12268;2.30909753;2.678107242;177.2481657;0.4461;-0.12004;1.38701;2.248900861;155.5869566;-0.31615;1.19638;2.364316696;159.0704863;120.4516335;-0.312235;1.277325;2.331752172;3.377002146;107.4718452;0.1007;-0.141040098;0.023350084;-0.748564328;0.055053891
123;R;-0.1574;-0.0704;29.17;256.55;-1.176;29.47;2.374;2.412;0.009;-0.4;5.22;-3.011;-1.208;-1.622;-46.2701798;-32.29055265;0.365581387;-61.67659224;-15.05718395;-61.69294514;87.03504531;134.7320104;167.3881444;167.3717915;0.87558;-0.16237;1.01324;2.237100974;4.00473025;10.56107217;10.63896596;-0.4548;0.992245;2.343137254;156.6456167;-0.235725;1.11189;2.321484894;2.701434629;176.2737357;0.4438;-0.17791;1.40075;2.279296517;138.6790051;-0.22245;1.189915;2.44739502;163.9192207;129.9443643;-0.260775;1.235085;2.398260814;4.053747021;143.8990081;0.0527;1.21776137;0.584085555;-0.431803814;0.494450275
142;R;-0.1846;-0.0543;27.66;244.34;-1.176;31.8;2.375;2.417;0.016;-0.6;4.56;-3.286;-1.194;-0.109;-41.90909671;-34.12194666;-5.017077132;-50.36511854;-11.68674885;-48.57876842;95.60873271;138.1867012;167.2915707;169.0779208;0.87091;-0.14233;1.0171;2.23875918;3.986759598;6.581438187;5.495988712;-0.48407;1.03485;2.314926043;178.1249831;-0.282615;1.143445;2.319609242;2.689099113;177.2761737;0.4384;-0.15526;1.39552;2.27994999;141.5267931;-0.26081;1.23173;2.538489766;158.0356956;119.7360885;-0.3135;1.252585;2.418246585;3.538179727;110.2704434;0.0839;0.734364101;1.30873984;0.070009547;0.709877739
143;R;-0.1914;-0.0566;18.05;240.76;-1.211;33.58;2.368;2.341;0.004;1.9;3.052;-1.071;1.616;-0.737;-42.26397717;-32.07901292;-10.36577233;-50.69865239;-18.05848659;-49.95669144;95.57870011;136.0923882;157.8056288;158.5475898;0.86152;-0.11988;0.99148;2.225739457;4.037464678;7.335334388;6.494239553;-0.45585;1.011135;2.301585787;179.9743765;-0.293195;1.11292;2.297256069;2.674558743;179.1402241;0.4413;-0.13859;1.36242;2.247171801;151.2176169;-0.34118;1.20493;2.404853769;152.6634409;127.1087613;-0.346935;1.258005;2.337462539;3.09601859;95.03732079;0.1374;-0.320841391;0.54083744;-0.024518581;1.004085687
154;R;-0.185;0.0066;10.81;240.9;-1.215;31.64;2.371;2.348;0.016;0.6;2.407;-1.34;0.135;0.495;-45.64908972;-30.64146396;-19.58634044;-51.68895651;-24.79470067;-50.85744995;95.42396881;132.1052996;143.1604231;143.9919296;0.78485;-0.13912;0.92604;2.212231445;3.524572032;8.503651739;6.252469629;-0.46152;0.93304;2.286295602;164.8219131;-0.29138;1.051215;2.280161408;2.662508723;177.4392244;0.4381;-0.10656;1.27806;2.23778213;155.981291;-0.35088;1.13282;2.422949949;164.3475036;159.6637425;-0.36835;1.17945;2.326241145;4.038625877;166.2551785;0.0308;-0.04581912;-0.716316308;1.226164631;0.189210315
155;R;-0.1838;0.0042;16.69;241.72;-1.236;33.26;2.373;2.326;0.004;1.1;2.735;-1.831;-0.157;-0.078;-45.86187192;-31.64153213;-20.54393249;-52.04583999;-24.80304655;-50.12098597;93.32078915;131.1462893;142.243889;144.168743;0.79106;-0.12909;0.91672;2.217638977;3.694979494;8.437934801;6.264602753;-0.46731;0.93948;2.286794698;166.1055345;-0.28686;1.05424;2.28164495;2.664669792;178.5277212;0.4355;-0.10267;1.28506;2.23858829;155.8398605;-0.35631;1.141955;2.42148763;163.508257;158.6412597;-0.36653;1.18968;2.32696147;4.041473141;167.0177387;0.0307;-0.113858333;-0.687661235;1.127656204;0.04802445
156;R;-0.1837;0.0061;17.59;242.73;-1.207;33.86;2.373;2.35;0.012;0.1;2.602;-1.475;-0.088;0.546;-42.30630896;-31.44659002;-8.289638321;-52.30636938;-18.10251266;-52.1191833;94.96005731;136.4067078;159.5636595;159.7508455;0.80809;-0.1193;0.9258;2.215164617;3.917185597;8.489733765;6.278637608;-0.45568;0.947445;2.288757514;168.0643989;-0.2681;1.06497;2.285885558;2.666844443;178.9005528;0.4358;-0.16619;1.29994;2.250195457;149.4421268;-0.30731;1.12804;2.412827986;158.4141806;125.3055996;-0.36663;1.17774;2.357418446;4.084514447;160.9166383;0.0309;0.494241793;-0.224846371;1.153048529;0.50046247
157;R;-0.1839;0.0072;10.88;242.7;-1.217;31.72;2.371;2.344;0.018;0.8;2.589;-1.22;0.346;0.743;-48.40445256;-30.44817848;-20.61678634;-51.73344066;-20.94787918;-48.7355454;96.458299;130.2354656;140.0668577;143.064753;0.79757;-0.13441;0.93396;2.208483968;4.032775642;8.543928638;6.619848953;-0.44812;0.933235;2.282700487;158.1339486;-0.28189;1.065805;2.283161632;2.665527361;178.2443044;0.4396;-0.12409;1.30555;2.227877132;157.3737511;-0.32345;1.13887;2.389904125;162.8699791;152.6261883;-0.3672;1.20071;2.326359964;4.042259891;167.7033403;0.031;-0.115140966;-0.652232425;1.062262517;0.133882092
158;R;-0.1902;-0.0505;10.53;238.24;-1.196;32.34;2.367;2.34;0.015;1;1.257;-1.622;0.734;0.184;-40.51815789;-29.88729167;-27.74217554;-50.23865655;-34.75957035;-47.53555271;97.67923168;137.287022;139.4321381;142.135242;0.79664;-0.11093;0.91134;2.206045597;3.786589209;8.570257462;6.321897787;-0.41946;0.92567;2.280879541;161.8073018;-0.280225;1.03242;2.27677141;2.661545082;177.6682566;0.4347;-0.10829;1.23444;2.243782848;151.2684503;-0.34556;1.122175;2.377456119;171.0331624;173.1215751;-0.36503;1.17478;2.300326139;4.019116562;179.5737688;0.0304;-0.016106096;-1.275826645;1.14641755;0.69409357
160;R;-0.1807;-0.052;22.4;248.77;-1.248;32.75;2.376;2.311;0;0.8;2.855;-1.489;-0.012;-0.361;-47.65040577;-21.32154226;-14.02683218;-54.88756068;-21.70821362;-55.33178721;105.7187579;134.2774551;141.5721652;141.1279386;0.82852;0.0038;0.94651;2.267674556;3.366173178;7.256782763;6.549116045;-0.31011;0.974265;2.313513168;125.4109485;-0.309825;1.07985;2.289565131;2.689794475;169.0564556;0.4478;-0.12848;1.3381;2.233817459;159.8983297;-0.35157;1.149985;2.396560038;169.7045501;163.7165565;-0.3807;1.224525;2.307016813;3.907505779;148.6250271;0.0481;0.191320404;-1.12371184;-0.173015844;-0.226006092
161;R;-0.1797;-0.0502;19.15;250.71;-1.255;29.75;2.376;2.348;0.002;4;3.879;-0.149;2.503;-1.143;-47.84796459;-23.39284445;-14.09558839;-53.83427971;-23.4226386;-57.17501479;104.1791069;133.5582664;142.8555225;139.5147874;0.84335;0.00146;0.9557;2.268825204;4.112602742;7.252435384;6.552720988;-0.30293;0.97784;2.312695195;124.6374044;-0.316055;1.082625;2.294801035;2.697954456;172.1430141;0.4482;-0.12036;1.35522;2.234017521;160.2973931;-0.34542;1.15772;2.394711678;169.7431024;164.6058173;-0.402365;1.23938;2.314345371;3.47482591;115.2332288;0.0867;-0.057522446;-0.88535645;-0.530178406;-0.167280614
162;R;-0.1725;-0.0519;45.88;253.2;-1.187;22.54;2.38;2.366;0.025;-0.8;4.744;-6.001;-1.125;-1.518;-40.06794493;-10.11773665;-2.035910019;-69.94392323;-21.13119353;-59.16322844;103.2329418;143.2266567;151.3084833;162.0891781;0.86683;0.01128;0.95793;2.285488547;3.884136786;7.110361261;6.605447127;-0.3035;0.95583;2.3593339;144.2996998;-0.245895;1.082505;2.320286678;2.73263718;176.9314727;0.4483;-0.17277;1.35768;2.265906611;146.5030604;-0.2109;1.142565;2.507403498;171.2637753;166.9700555;-0.369935;1.220195;2.361374142;4.098165695;163.0891776;0.044;1.860195322;-0.661821145;-0.433194129;-0.209016316
163;R;-0.1766;-0.0513;20.79;250.17;-1.249;34.17;2.376;2.305;0.001;0.8;3.103;-1.126;1.227;0.302;-51.9638245;-28.59871973;-28.14368122;-55.59661504;-25.67332692;-49.4934702;95.5852513;127.8167616;128.2718001;134.3749449;0.89123;0.02441;0.97397;2.266715026;3.116365519;7.483685783;6.60555318;-0.26323;1.01214;2.310050909;131.1784876;-0.285065;1.109725;2.268886179;2.688119576;172.3292511;0.4409;-0.12411;1.37313;2.217902694;163.8246713;-0.41443;1.20608;2.38695686;179.9743765;179.9743765;-0.405935;1.27586;2.284766505;3.799965138;142.2746899;0.0542;-0.405676786;-0.961196229;-0.602734536;-0.482163919
166;R;-0.172;-0.0496;42.99;253.6;-1.188;22.37;2.378;2.365;0.023;-0.8;4.797;-5.781;-1.316;-1.692;-39.96763126;-10.97542918;0.448500492;-71.22267463;-20.09270924;-60.50884099;100.9967677;143.2272403;154.65117;165.3650036;0.86732;0.00363;0.96018;2.282367633;3.887098473;7.078719241;6.623782789;-0.37123;0.95217;2.337991136;149.8569114;-0.20032;1.063135;2.319552481;2.715782283;177.6095178;0.4525;-0.16163;1.35554;2.264477917;144.0922428;-0.15173;1.12488;2.527185461;167.9091481;161.5835365;-0.345875;1.213545;2.366105733;4.134591922;167.2893116;0.045;1.964057194;-0.598878104;-0.266245451;-0.101466595
167;R;-0.18;-0.0476;23.48;251.03;-1.238;28.17;2.375;2.312;0.007;0.8;3.267;-2.229;0.059;-0.841;-51.28807834;-30.75603464;-25.21130423;-55.81576019;-25.60853657;-51.68531068;96.13199406;131.4157105;136.960441;141.0908905;0.85299;-0.01976;0.96646;2.276211111;4.332305821;7.855549685;6.645556202;-0.46353;0.98458;2.295685915;159.2355783;-0.311715;1.098915;2.288224173;2.679134501;177.6736349;0.4414;-0.13845;1.35722;2.247756201;155.1275859;-0.28742;1.1392;2.403863733;176.1289195;164.6479387;-0.36808;1.234065;2.311423616;3.992516358;164.1721356;0.0475;0.098618563;-0.733620867;-0.011734355;-0.398608196
168;R;-0.1709;-0.0498;43.72;256.4;-1.178;25.43;2.379;2.381;0.025;-1;5.605;-5.359;-0.087;-0.315;-40.59886189;-12.4197678;0.617582927;-69.1676124;-15.44564998;-56.6620948;99.3534584;140.3419767;153.3793274;165.884845;0.8745;-0.0167;0.9584;2.283606768;3.891469146;6.9568025;7.255077664;-0.39531;0.95379;2.344043483;150.2629385;-0.17926;1.058575;2.327009488;2.7184384;177.3184908;0.4496;-0.1787;1.36557;2.268526336;141.9525969;-0.15792;1.1325;2.545993706;166.6618857;160.9882459;-0.363495;1.223635;2.36910079;4.152866408;169.3008679;0.0423;2.003386621;-0.442730587;-0.309178464;-0.114063368
169;R;-0.1635;-0.0505;26.05;250.07;-1.229;27.11;2.376;2.325;-0.011;2.7;2.997;-0.704;0.736;-2.609;-48.27839845;-23.44505951;-18.1614609;-55.2980523;-24.88787956;-55.00481711;101.3936549;131.8583683;137.1419669;137.4352021;0.85998;-0.04617;0.95936;2.277648025;4.350546662;7.742890541;7.085791673;-0.47656;0.98448;2.297267843;163.5533486;-0.32066;1.10222;2.290802865;2.681494752;176.6661867;0.4389;-0.16975;1.39469;2.244172508;158.1243425;-0.32333;1.159965;2.413146356;172.9492594;168.4770533;-0.362855;1.205765;2.340003639;3.948244785;147.9000281;0.0533;0.132342349;-0.557504257;-0.176455939;-0.324372958
170;Ar;-0.1638;-0.0527;16.22;246.81;-1.202;26.86;2.368;2.303;0.011;-0.3;1.871;-2.195;1.085;0.566;-42.42695394;-34.46637909;-22.52198049;-52.53158254;-31.50407617;-51.40904962;91.22220285;135.7932105;147.7376091;148.8601421;0.86586;-0.02948;0.93314;2.257527313;3.834672988;7.800526182;7.103172529;-0.48851;0.96089;2.291835734;166.1883097;-0.17627;1.053585;2.276212752;2.676980691;167.2941228;0.4455;-0.14487;1.30753;2.229759876;158.2549361;-0.22473;1.113135;2.383186649;168.2523382;155.4873831;-0.351145;1.191195;2.308604097;3.925821432;149.6727482;0.0526;0.433526666;-0.879107552;0.140391721;0.528058659
171;R;-0.1606;-0.0449;31.68;255.9;-1.214;24.27;2.376;2.359;0.006;-0.1;4.048;-3.212;-0.749;-2.048;-50.79946179;-36.15828903;-10.58891471;-52.54780366;-27.36799163;-67.57853872;96.0838829;133.9905138;159.5598881;144.5291531;0.8658;-0.0672;0.96742;2.277811784;4.394074459;7.64909113;7.108435336;-0.5069;0.9863;2.300142286;158.2101174;-0.277125;1.093035;2.294614801;2.682649743;170.7605009;0.4458;-0.14705;1.38733;2.233311874;156.5112669;-0.18504;1.108585;2.467815669;176.4564308;164.5977669;-0.27339;1.19828;2.332928169;4.022673238;157.1718558;0.0658;0.748346285;-0.385750798;-0.251794173;-0.326706781
172;R;-0.1657;-0.0381;47.9;258.49;-1.188;19.04;2.378;2.4;0.024;-1;5.988;-5.731;-0.086;-1.095;-39.61818377;-11.15377366;8.850137337;-76.31340193;-18.92094192;-67.38926303;94.0940189;141.9430107;161.9469217;170.8710606;0.8691;-0.05839;0.96323;2.287392314;3.88620132;7.179885053;7.001620848;-0.48858;0.95233;2.35312143;159.195243;-0.168;1.049965;2.321226244;2.714526574;177.3748683;0.4481;-0.1397;1.35064;2.267578337;137.9645133;-0.14662;1.11093;2.528197256;166.4572833;160.0723656;-0.26744;1.177475;2.386299226;4.198365064;169.837761;0.0527;2.30125562;-0.270035257;-0.206157914;-0.14047144
173;R;-0.1695;-0.0382;24.06;255.96;-1.254;29.27;2.379;2.324;0.007;0.9;4.506;-1.429;1.266;0.183;-52.25830215;-30.4775522;-17.87995386;-58.13740728;-25.67175187;-60.05010017;92.44804266;128.8047;141.4022983;139.4896055;0.84895;-0.09535;0.96687;2.276380029;4.403423255;7.784397665;6.914615222;-0.48687;0.94967;2.283936365;147.8658724;-0.290185;1.07163;2.290670085;2.687343269;175.4725146;0.4467;-0.14326;1.36708;2.23731353;157.1201556;-0.23282;1.128;2.419248389;173.1645789;147.345541;-0.33274;1.20532;2.329331897;4.044922578;165.4492176;0.0521;0.312484619;-0.664275912;-0.034792107;-0.586550221
174;R;-0.1646;-0.0374;48.69;260.12;-1.249;20.65;2.376;2.367;0.017;2.6;6.353;-4.732;0.724;-1.398;-40.66001269;-15.27565138;9.301561396;-73.89222555;-19.9678725;-69.92944658;91.50021466;140.0080789;164.5852917;168.5480707;0.87133;-0.04903;0.95568;2.28968568;3.887214565;7.111007511;8.39287037;-0.48215;0.95582;2.352023363;159.7842983;-0.15324;1.049605;2.318297968;2.706822977;178.0980314;0.4473;-0.12935;1.35229;2.271640918;137.9073177;-0.12928;1.109865;2.536662863;166.1767136;159.1041912;-0.245155;1.17263;2.395293541;4.190218786;162.3392645;0.0566;2.130961889;-0.304550402;-0.312966123;-0.290454443
179;R;-0.1759;-0.0511;34.58;255.91;-1.236;24.83;2.373;2.355;0.011;2.4;5.126;-3.925;0.363;-1.071;-50.2664866;-12.0205839;34.48576412;-62.63776737;11.28461064;-73.46764007;110.8662246;135.2580893;181.7644373;170.9345646;0.86932;-0.01812;0.94662;2.282525758;3.881219741;7.054592924;7.774531225;-0.48653;0.95085;2.380808442;160.0802252;-0.153355;1.038845;2.330200047;2.727899417;173.5187749;0.4267;-0.19226;1.18339;2.346737064;84.57102842;-0.11963;1.107285;2.53781067;168.7509619;161.7399443;-0.20443;1.14009;2.410446309;4.247064088;171.5969103;0.0661;2.458707461;-0.220346803;-0.123816918;-0.068554039
184;R;-0.1741;-0.0575;24.9;256.21;-1.239;37.46;2.375;2.354;0;0.8;4.416;-2.618;-0.684;0.442;-42.84296764;-37.17900226;-23.11099855;-46.9953988;-35.77114704;-55.50311613;95.74920699;137.0806404;151.1486441;142.6409268;0.88879;-0.16092;1.04569;2.237268614;4.528719697;9.680528587;8.994569174;-0.54155;1.035545;2.309148312;174.7063019;-0.280305;1.146665;2.311721924;2.675331902;150.2529024;0.4427;-0.13733;1.41354;2.262465496;149.3647922;-0.3402;1.21637;2.401120914;168.437152;144.8603718;-0.378215;1.326535;2.344298398;3.070816332;93.87278606;0.1507;-0.630549073;0.77264959;-1.002027886;0.542357326
187;R;-0.1679;-0.0749;29.03;260.23;-1.24;29.98;2.371;2.347;0.019;-1.6;5.242;-5.101;-1.708;1.048;-39.57581433;-9.532251458;0.978840147;-74.84793507;-20.1595139;-60.71416837;97.57132515;142.3756973;152.886789;167.0205557;0.87263;0.00049;0.96026;2.283166989;3.891833847;7.092143956;9.019266359;-0.28509;0.958505;2.37681516;144.6482002;-0.19861;1.060515;2.317489354;2.715227058;176.5545507;0.4514;-0.17736;1.35985;2.26266129;141.4846935;-0.14341;1.126055;2.552361495;167.3405686;161.3360876;-0.31924;1.19479;2.363864284;4.160603983;176.3359935;0.0493;1.995720354;-0.785727042;-0.606647245;0.034571969
