No.;Type;E(HOMO);E(LUMO);He8_steric;PA;Q(B);BE(B);P-B;DP-A(B);DA-P-A(B);Q(Au);BE(Au);Au-Cl;Au-P;DP-A(Au);DA-P-A(Au);Q(Pd);BE(Pd);Pd-Cl trans;P-Pd;DP-A(Pd);DA-P-A(Pd);Q(Pt);BE(Pt);P-Pt;DP-A(Pt);DA-P-A(Pt);<(H3P)Pt(PH3);S4';PC1;PC2;PC3;PC4
1;R;-0.24636;-0.00029;2.3;190.6;-0.59;26.1;1.941;-0.013;6.3;-0.242;58.4;2.288;2.257;-0.014;6.6;-1.26;29.1;2.357;2.244;-0.008;5.4;-0.014;8.8;2.328;-0.001;1.5;109.4;66.9;-3.078;0.798;6.079;-1.066
2;R;-0.19045;0.03268;3.0;233.0;-0.68;39.2;1.926;-0.028;4.6;-0.314;72.42;2.309;2.272;-0.026;5.0;-1.33;38.5;2.378;2.268;-0.021;3.4;-0.061;12.9;2.331;-0.01;1.3;107.5;39.4;1.602;3.976;1.536;0.09
3;R;-0.27742;-0.05837;3.0;182.3;-0.56;26.3;1.915;-0.002;3.4;-0.176;57.39;2.281;2.241;0.006;3.0;-1.12;32.3;2.343;2.244;0.023;-0.3;0.137;22.8;2.25;0.008;-0.1;109.0;52.2;-7.226;-3.302;2.929;2.032
4;R;-0.2662;-0.1127;20.66;194.04;-0.538;22.51;1.924;-0.005;2.1;-0.123;55.02;2.288;2.254;0.004;2.2;-1.017;16.38;2.342;2.318;0.045;-1.6;0.269;16.58;2.26;0.046;-2.4;106.6;28.7;-6.715;-9.291;1.348;-0.823
5;R;-0.18723;0.02584;6.0;239.1;-0.68;39.0;1.934;-0.027;4.8;-0.321;74.62;2.318;2.28;-0.025;5.3;-1.3;37.0;2.378;2.289;-0.013;2.5;-0.065;17.1;2.338;-0.01;1.6;107.4;39.0;2.28;3.408;1.584;0.168
6;R;-0.2721;-0.0707;9.92;188.82;-0.555;24.35;1.924;0.003;2.7;-0.163;57.65;2.286;2.246;0.009;2.7;-1.092;27.71;2.34;2.269;0.03;-1.9;0.154;20.39;2.263;0.021;-1.3;108.1;39.9;-6.589;-5.686;2.041;1.59
7;R;-0.2343;-0.0164;7.46;211.79;-0.618;32.02;1.923;-0.024;3.4;-0.234;64.39;2.298;2.261;-0.023;3.8;-1.212;40.13;2.353;2.266;-0.015;3.2;0.035;16.55;2.303;0.0;-0.3;108.3;38.4;-2.816;0.659;1.77;0.043
8;R;-0.2129;-0.0838;11.62;206.82;-0.587;25.07;1.976;0.011;0.7;-0.243;59.31;2.303;2.277;0.033;-0.3;-1.206;30.88;2.362;2.281;0.024;-5.5;0.084;13.95;2.351;-0.004;1.1;110.8;26.9;-2.012;-6.068;0.464;5.497
9;R;-0.18767;0.0253;6.1;241.9;-0.68;39.2;1.934;-0.029;5.1;-0.323;74.98;2.318;2.279;-0.026;5.4;-1.3;37.3;2.377;2.288;-0.014;2.5;-0.063;16.6;2.342;-0.012;1.9;107.3;39.2;2.363;3.633;1.753;0.003
10;R;-0.1795;0.0241;12.18;244.6;-0.69;38.6;1.941;-0.024;4.0;-0.322;74.56;2.32;2.284;-0.02;4.7;-1.27;37.17;2.381;2.317;-0.014;2.4;-0.056;14.4;2.367;-0.001;0.1;106.7;28.4;3.214;1.969;0.594;-0.033
11;R;-0.2296;-0.041;9.14;220.18;-0.645;33.85;1.927;-0.023;6.2;-0.277;67.04;2.302;2.273;-0.024;6.5;-1.222;42.41;2.358;2.284;-0.019;5.0;0.004;15.44;2.329;-0.005;2.3;106.3;28.4;-0.464;2.319;4.443;-1.232
12;R;-0.1989;0.0144;6.05;236.71;-0.686;39.18;1.932;-0.028;5.0;-0.32;73.94;2.318;2.281;-0.027;5.3;-1.286;43.52;2.372;2.289;-0.016;2.8;-0.054;17.05;2.339;-0.01;1.4;107.2;38.0;1.82;3.701;1.708;0.18
13;R;-0.18653;0.02738;6.1;243.3;-0.68;39.1;1.934;-0.026;4.7;-0.324;75.18;2.32;2.281;-0.024;5.2;-1.3;37.2;2.377;2.287;-0.011;2.2;-0.062;16.7;2.342;-0.01;1.6;107.4;40.2;2.431;3.277;1.456;0.297
14;R;-0.185;0.023;19.13;241.73;-0.682;34.31;1.939;-0.023;6.6;-0.313;69.85;2.319;2.281;-0.02;7.0;-1.305;35.63;2.378;2.288;-0.018;5.5;-0.053;9.06;2.358;-0.005;2.4;106.0;32.7;3.25;2.921;3.992;-1.993
15;R;-0.175;0.0235;37.82;247.52;-0.68;35.31;1.95;-0.019;2.5;-0.305;73.28;2.324;2.293;-0.017;3.0;-1.257;30.03;2.379;2.337;0.004;1.2;-0.056;11.65;2.372;-0.002;1.1;107.2;27.2;3.974;-0.843;-0.153;-0.008
16;R;-0.17267;0.02754;23.38;250.8;-0.69;39.6;1.958;-0.018;2.3;-0.319;81.87;2.328;2.3;-0.011;2.6;-1.2;23.9;2.382;2.418;0.016;-0.9;-0.044;9.8;2.39;0.017;-0.8;105.4;7.4;5.544;-2.692;-1.676;0.102
17;R;-0.188;-0.0467;7.66;229.54;-0.626;32.44;1.937;-0.015;3.2;-0.27;66.01;2.305;2.267;-0.014;3.4;-1.239;29.33;2.361;2.276;0.0;-0.2;-0.001;14.52;2.324;0.004;-0.4;109.8;34.7;-0.948;-1.027;0.832;0.937
18;R;-0.1892;0.0208;4.46;247.91;-0.647;36.26;1.929;-0.019;3.9;-0.291;71.21;2.314;2.271;-0.012;4.1;-1.294;40.9;2.375;2.274;0.002;2.6;-0.029;16.16;2.326;0.001;1.2;108.7;22.7;1.332;1.607;1.599;1.455
19;R;-0.1834;0.019;31.31;243.63;-0.685;34.32;1.95;-0.02;2.1;-0.293;71.7;2.322;2.29;-0.021;2.6;-1.282;28.25;2.377;2.308;-0.017;6.5;-0.017;4.3;2.365;0.005;-2.3;104.3;48.6;3.197;-0.314;-0.384;-2.033
20;R;-0.1811;0.0197;9.22;248.53;-0.683;39.83;1.94;-0.023;3.7;-0.324;76.6;2.322;2.284;-0.021;4.3;-1.262;35.27;2.378;2.322;-0.002;0.6;-0.067;15.11;2.354;-0.004;0.5;105.3;33.3;3.293;1.545;0.006;0.322
21;R;-0.1768;0.0259;16.65;250.4;-0.69;38.8;1.941;-0.024;3.5;-0.326;74.83;2.322;2.289;-0.018;4.8;-1.27;36.79;2.38;2.315;-0.013;2.4;-0.055;13.32;2.369;-0.001;0.3;106.8;28.6;3.601;1.723;0.461;-0.082
22;R;-0.1962;-0.0382;12.65;241.61;-0.676;36.74;1.965;-0.028;4.5;-0.304;70.63;2.317;2.278;-0.022;5.9;-1.27;38.76;2.37;2.287;-0.019;4.5;-0.006;13.28;2.326;0.001;-0.2;107.5;38.1;1.432;1.957;2.187;-0.936
23;R;-0.2321;-0.0515;2.11;192.22;-0.574;24.91;1.946;-0.008;5.2;-0.228;57.22;2.29;2.256;-0.003;5.0;-1.221;29.89;2.352;2.247;-0.004;3.5;0.033;10.53;2.317;-0.001;1.0;109.9;61.1;-3.907;-1.01;5.099;0.136
24;R;-0.2036;0.0194;2.64;221.85;-0.657;36.07;1.927;-0.026;5.2;-0.298;68.43;2.304;2.267;-0.022;5.0;-1.322;36.52;2.371;2.251;-0.018;4.3;-0.056;12.02;2.325;-0.008;1.1;107.6;45.2;0.294;3.335;2.558;-0.245
25;R;-0.22168;-0.00541;2.09;214.57;-0.638;34.41;1.921;-0.017;4.7;-0.264;66.56;2.3;2.258;-0.022;3.8;-1.256;36.33;2.362;2.257;-0.004;2.6;-0.001;18.08;2.304;0.0;0.9;107.9;46.5;-1.788;1.474;2.166;0.578
26;R;-0.1891;0.0286;3.61;235.15;-0.68;39.34;1.929;-0.027;4.8;-0.314;72.89;2.312;2.268;-0.024;4.5;-1.323;38.73;2.377;2.269;-0.02;3.4;-0.069;16.79;2.336;-0.01;1.4;107.1;38.4;1.645;3.94;1.442;0.36
27;R;-0.185;-0.0619;2.96;223.05;-0.663;34.96;1.932;-0.007;1.6;-0.296;68.45;2.309;2.272;0.0;1.1;-1.278;38.25;2.369;2.276;-0.003;0.5;-0.013;16.69;2.331;-0.007;1.2;108.3;42.5;-0.175;-0.071;-0.059;3.249
28;R;-0.1885;0.0265;3.87;236.07;-0.68;39.21;1.93;-0.027;4.7;-0.316;73.04;2.313;2.275;-0.025;4.7;-1.321;39.3;2.377;2.271;-0.019;3.3;-0.068;16.26;2.339;-0.01;1.1;107.1;38.8;1.813;3.821;1.381;0.292
29;R;-0.1853;0.0297;3.86;237.75;-0.678;39.65;1.931;-0.027;4.2;-0.315;73.33;2.314;2.276;-0.023;4.2;-1.31;38.86;2.376;2.282;-0.019;2.8;-0.067;16.88;2.341;-0.009;1.2;107.7;31.4;1.946;3.411;0.969;0.696
30;R;-0.18486;0.0315;4.68;239.37;-0.676;39.62;1.935;-0.027;4.2;-0.311;73.3;2.315;2.277;-0.022;4.1;-1.304;37.7;2.377;2.288;-0.016;2.3;-0.061;15.68;2.343;-0.008;0.9;106.5;31.6;2.225;2.942;0.702;0.447
31;R;-0.1923;-0.0329;4.59;236.79;-0.675;38.48;1.93;-0.029;4.7;-0.31;72.19;2.313;2.271;-0.026;4.7;-1.304;39.64;2.374;2.272;-0.021;3.4;-0.054;15.55;2.338;-0.01;1.1;107.9;39.3;1.113;3.389;1.694;0.151
32;R;-0.25083;-0.03323;2.71;197.71;-0.601;30.06;1.918;-0.016;4.1;-0.217;61.58;2.291;2.25;0.001;3.8;-1.188;34.55;2.351;2.253;-0.001;1.0;0.065;20.03;2.28;0.004;0.3;107.8;50.8;-4.537;-0.627;2.506;0.973
33;R;-0.1881;0.0265;4.31;237.21;-0.683;39.33;1.93;-0.026;4.8;-0.318;73.62;2.315;2.275;-0.026;4.9;-1.302;36.32;2.376;2.289;-0.013;2.6;-0.067;16.97;2.335;-0.011;1.6;107.2;39.4;1.962;3.455;1.46;0.215
34;R;-0.1987;-0.0738;3.14;213.89;-0.613;28.9;1.956;0.001;2.9;-0.258;62.55;2.305;2.272;0.017;2.1;-1.235;36.21;2.365;2.272;0.012;-0.6;0.043;15.57;2.339;-0.006;1.6;110.5;35.4;-1.416;-2.33;2.294;3.774
35;R;-0.1802;0.0226;5.36;242.47;-0.681;40.55;1.935;-0.027;3.5;-0.32;75.1;2.317;2.281;-0.022;3.7;-1.305;39.9;2.377;2.294;-0.017;2.1;-0.058;12.95;2.35;-0.003;0.4;106.6;20.9;2.782;2.529;0.011;0.639
36;R;-0.1784;0.023;19.69;245.86;-0.681;38.12;1.946;-0.018;2.8;-0.315;74.86;2.321;2.288;-0.02;3.6;-1.275;34.79;2.379;2.321;-0.005;1.7;-0.064;11.97;2.366;-0.001;0.3;105.8;25.3;3.696;0.613;-0.142;0.275
37;R;-0.1779;0.0222;18.53;246.58;-0.685;39.22;1.946;-0.02;2.9;-0.317;75.82;2.322;2.29;-0.018;3.5;-1.253;35.72;2.38;2.334;-0.002;0.5;-0.05;12.41;2.371;0.007;-0.3;105.9;22.7;3.734;0.141;-0.687;0.366
38;R;-0.1761;0.0229;25.93;246.89;-0.684;38.6;1.949;-0.021;3.1;-0.312;74.15;2.322;2.29;-0.017;3.2;-1.267;30.17;2.378;2.334;0.002;1.3;-0.05;12.51;2.376;0.003;0.0;106.4;26.5;3.811;-0.223;-0.366;-0.019
39;R;-0.1752;0.0227;16.68;248.6;-0.679;36.78;1.949;-0.018;2.7;-0.313;74.31;2.324;2.292;-0.017;3.2;-1.285;31.24;2.379;2.323;0.0;3.4;-0.05;11.93;2.378;0.004;0.2;106.8;23.9;3.817;0.101;0.261;0.219
40;R;-0.1788;0.02253;15.0;245.67;-0.683;40.2;1.946;-0.024;2.9;-0.316;75.27;2.319;2.288;-0.021;3.2;-1.266;35.99;2.379;2.332;-0.008;0.5;-0.058;13.38;2.371;0.0;-0.4;109.3;20.3;3.12;0.829;-0.656;1.106
41;R;-0.1725;0.0283;20.96;250.18;-0.686;40.02;1.955;-0.018;2.2;-0.324;76.39;2.323;2.297;-0.014;2.8;-1.2;21.83;2.379;2.43;0.018;-1.4;-0.053;9.46;2.379;0.012;-0.9;104.8;8.0;5.136;-2.743;-1.768;-0.113
42;R;-0.1766;0.022;30.21;248.25;-0.679;36.76;1.964;-0.015;1.9;-0.31;74.68;2.322;2.301;-0.016;2.8;-1.241;29.09;2.379;2.356;0.002;0.7;-0.048;7.93;2.404;0.014;-1.7;103.4;23.5;4.753;-2.134;-1.463;-0.644
43;R;-0.1727;0.026;22.86;250.62;-0.686;38.69;1.955;-0.012;3.1;-0.325;75.27;2.324;2.298;-0.007;3.6;-1.249;33.95;2.379;2.364;0.004;1.3;-0.053;8.24;2.384;0.02;0.1;104.8;5.3;5.166;-1.303;-0.076;0.069
44;R;-0.18216;-0.03031;22.57;247.13;-0.681;38.06;1.95;-0.016;3.0;-0.312;74.5;2.322;2.291;-0.014;3.6;-1.241;35.82;2.376;2.342;0.002;1.0;-0.037;11.25;2.371;0.016;-0.5;103.6;21.2;3.729;-1.037;-0.338;-0.286
45;R;-0.1706;0.0232;30.37;253.62;-0.691;39.83;1.959;-0.019;2.3;-0.322;76.54;2.326;2.301;-0.012;2.6;-1.194;23.5;2.378;2.429;0.019;-0.8;-0.045;9.53;2.389;0.017;-0.8;105.1;6.0;5.503;-3.139;-1.677;-0.362
46;R;-0.1717;0.0208;28.52;250.35;-0.689;36.1;1.959;-0.019;5.9;-0.334;72.5;2.325;2.303;-0.015;6.3;-1.229;28.69;2.378;2.389;-0.005;3.7;-0.074;7.48;2.391;0.009;2.9;104.9;-3.7;6.049;-0.146;3.119;-2.206
47;R;-0.1806;0.0156;27.5;244.77;-0.676;34.55;1.956;-0.016;1.6;-0.298;72.84;2.322;2.293;-0.018;2.5;-1.231;28.29;2.376;2.339;-0.002;0.4;-0.036;7.3;2.385;0.009;-2.1;104.1;43.4;3.333;-1.943;-1.698;-0.713
48;R;-0.1816;0.0278;7.82;245.42;-0.681;39.6;1.937;-0.026;3.9;-0.321;75.24;2.322;2.284;-0.024;4.3;-1.298;39.29;2.376;2.295;-0.017;2.2;-0.061;15.38;2.352;-0.007;1.0;106.8;31.2;2.838;2.84;0.575;0.414
49;R;-0.1763;0.0232;20.75;249.48;-0.68;38.11;1.95;-0.02;2.8;-0.318;74.98;2.323;2.29;-0.019;3.5;-1.272;34.86;2.378;2.324;-0.003;1.5;-0.065;11.3;2.373;0.003;0.1;105.9;24.8;3.915;0.301;-0.298;0.171
50;R;-0.173;0.0245;18.49;252.65;-0.685;41.25;1.946;-0.023;3.3;-0.32;78.42;2.324;2.292;-0.021;3.7;-1.25;38.23;2.38;2.337;-0.004;0.8;-0.051;14.13;2.376;0.005;0.1;106.0;21.9;4.153;0.842;-0.552;0.361
51;R;-0.18969;-0.03612;15.37;244.28;-0.68;35.32;1.947;-0.022;5.8;-0.312;70.21;2.319;2.289;-0.019;6.2;-1.263;36.71;2.372;2.309;-0.01;4.7;-0.026;7.45;2.353;0.005;2.5;106.4;19.1;3.024;1.288;3.633;-1.531
52;R;-0.1778;-0.0288;26.39;252.42;-0.684;37.47;1.95;-0.012;2.5;-0.311;74.69;2.325;2.296;-0.012;3.0;-1.24;36.17;2.377;2.345;0.004;0.8;-0.032;11.05;2.378;0.019;-1.1;104.6;21.6;3.934;-1.667;-0.839;0.104
53;R;-0.1872;0.0037;11.29;242.71;-0.662;36.27;1.952;-0.017;3.9;-0.309;73.02;2.317;2.284;-0.016;4.3;-1.29;36.63;2.377;2.282;-0.007;1.9;-0.05;13.6;2.366;0.007;0.2;106.5;31.4;2.51;0.886;1.031;0.406
54;R;-0.1731;0.019;19.31;253.11;-0.687;39.39;1.951;-0.017;3.0;-0.325;76.51;2.325;2.295;-0.016;3.3;-1.267;36.45;2.377;2.333;-0.004;0.8;-0.059;13.61;2.384;0.01;-0.3;105.5;17.6;4.326;0.06;-0.68;0.479
55;R;-0.169;0.0206;32.18;256.19;-0.691;39.84;1.959;-0.016;2.4;-0.324;76.88;2.327;2.304;-0.011;2.7;-1.194;23.88;2.378;2.436;0.021;-0.7;-0.043;8.6;2.397;0.016;-1.5;105.3;5.9;5.775;-3.378;-1.697;-0.329
56;CH2=CH2;-0.19257;-0.053;3.8;230.4;-0.65;35.4;1.938;-0.013;3.3;-0.294;68.89;2.311;2.275;-0.011;3.7;-1.27;34.3;2.371;2.276;-0.004;1.6;-0.005;13.1;2.339;-0.001;0.3;108.7;35.7;0.364;0.232;1.33;1.308
57;CH2=CH2;-0.1963;-0.0368;3.66;232.11;-0.676;38.37;1.928;-0.026;4.9;-0.313;71.85;2.31;2.273;-0.025;5.1;-1.308;36.58;2.373;2.276;-0.017;2.9;-0.064;16.4;2.338;-0.009;1.3;107.4;41.2;1.051;3.173;1.931;0.087
58;CH2=CH2;-0.2539;-0.0772;4.12;198.26;-0.605;29.28;1.921;-0.009;4.1;-0.221;61.39;2.291;2.254;-0.004;3.9;-1.176;31.62;2.35;2.261;0.01;0.3;0.068;19.78;2.284;0.007;-0.1;108.1;53.5;-4.656;-1.732;2.605;0.945
59;Ar;-0.1896;-0.0526;5.59;238.11;-0.648;36.07;1.939;-0.015;3.1;-0.295;69.82;2.313;2.28;-0.014;3.4;-1.229;31.32;2.367;2.297;0.002;0.9;0.01;13.1;2.335;0.0;0.2;108.4;31.9;0.608;-0.577;0.823;0.936
60;R;-0.1795;-0.0603;24.22;252.72;-0.659;34.08;1.947;-0.017;2.5;-0.299;72.7;2.329;2.287;-0.017;3.1;-1.216;29.76;2.376;2.322;0.008;-0.7;-0.029;8.15;2.362;0.012;-1.3;105.3;40.0;2.655;-2.269;-0.841;-0.47
61;R;-0.1713;-0.0408;44.88;254.68;-0.67;33.69;1.954;-0.012;1.9;-0.3;72.53;2.331;2.296;-0.009;2.5;-1.193;17.14;2.38;2.364;0.037;-0.6;-0.039;2.99;2.402;0.025;-1.5;102.2;14.7;5.197;-5.632;-1.431;-1.704
62;SiMe3;-0.1828;0.0092;12.28;246.76;-0.616;29.23;2.017;0.012;4.3;-0.313;69.49;2.327;2.314;0.024;4.6;-1.232;28.35;2.376;2.361;0.032;3.8;-0.074;3.26;2.423;0.006;0.4;108.0;5.2;5.48;-4.136;4.328;1.81
63;Ar;-0.18694;-0.05061;8.0;241.3;-0.65;36.5;1.941;-0.016;2.9;-0.296;70.61;2.31;2.278;-0.015;3.0;-1.23;31.9;2.368;2.304;0.001;0.0;0.005;16.9;2.332;0.002;0.1;108.2;32.6;0.549;-0.56;0.174;1.189
64;Ar;-0.1928;-0.0578;11.07;238.03;-0.622;31.66;1.945;-0.015;4.1;-0.268;66.66;2.31;2.275;-0.017;4.3;-1.217;28.07;2.362;2.283;-0.003;1.9;0.021;13.27;2.344;0.001;1.5;108.7;33.4;-0.031;-0.896;2.539;-0.167
65;Ar;-0.2;-0.063;7.44;233.9;-0.643;35.34;1.937;-0.016;3.1;-0.279;68.04;2.306;2.274;-0.014;3.1;-1.2;33.34;2.361;2.295;0.002;0.2;0.027;17.38;2.331;0.004;0.0;108.3;33.7;-0.631;-0.93;0.639;1.03
66;Ar;-0.19301;-0.05593;8.3;236.5;-0.65;36.2;1.941;-0.017;3.1;-0.291;69.28;2.311;2.275;-0.016;3.0;-1.21;35.3;2.365;2.301;-0.001;0.0;0.008;16.8;2.336;0.002;-0.2;108.1;32.7;0.101;-0.527;0.251;1.115
67;Ar;-0.1961;-0.0642;23.63;235.41;-0.61;24.57;1.959;-0.005;4.4;-0.249;61.03;2.311;2.293;-0.008;4.8;-1.196;21.3;2.361;2.295;0.008;2.6;0.047;5.72;2.348;0.013;1.9;108.7;28.4;0.396;-3.721;3.997;-1.328
68;Ar;-0.2069;-0.0712;8.24;231.33;-0.637;33.82;1.936;-0.016;3.0;-0.269;66.16;2.306;2.274;-0.014;2.9;-1.18;33.63;2.356;2.289;0.001;-0.1;0.06;14.17;2.318;0.005;-0.7;107.0;35.4;-1.244;-1.591;0.391;0.465
69;Ar;-0.20113;-0.07005;8.2;232.8;-0.64;35.1;1.937;-0.017;2.9;-0.281;67.69;2.309;2.273;-0.014;2.9;-1.19;37.1;2.36;2.295;0.002;-0.1;0.026;17.0;2.333;0.0;-0.1;108.6;33.7;-0.767;-0.884;0.493;1.351
70;Ar;-0.22448;-0.09064;11.6;219.0;-0.56;26.3;1.946;-0.005;0.1;-0.204;59.34;2.299;2.267;-0.009;0.7;-1.13;32.7;2.343;2.259;0.008;-2.3;0.106;11.9;2.321;0.017;-3.4;108.6;35.7;-4.215;-5.58;-0.998;1.597
71;Ar;-0.2228;-0.0993;6.31;225.36;-0.621;33.34;1.934;-0.015;1.9;-0.246;65.03;2.301;2.271;-0.014;2.1;-1.129;47.59;2.345;2.319;-0.005;1.0;0.098;17.52;2.309;0.008;-1.0;107.2;34.6;-2.792;-1.782;0.303;1.298
72;Ar;-0.1825;-0.0576;5.35;244.58;-0.599;30.8;1.946;-0.002;3.2;-0.26;66.5;2.315;2.269;-0.005;2.0;-1.244;31.38;2.368;2.288;0.002;-0.4;0.064;12.6;2.324;0.002;0.2;111.7;35.0;-0.654;-2.072;1.24;2.353
73;Ar;-0.1817;-0.0487;30.11;244.1;-0.65;30.2;1.977;-0.003;1.0;-0.287;67.07;2.32;2.294;-0.004;2.2;-1.23;25.85;2.382;2.323;0.008;1.1;0.008;6.33;2.376;0.018;-0.8;108.7;31.0;2.516;-4.169;0.005;0.723
74;Ar;-0.18275;-0.04686;8.07;245.55;-0.657;37.15;1.941;-0.016;3.1;-0.305;71.1;2.317;2.28;-0.015;3.5;-1.228;31.32;2.369;2.306;0.001;0.0;-0.004;16.07;2.337;0.001;0.4;108.4;32.9;1.13;-0.34;0.385;1.034
75;Ar;-0.18042;-0.05171;6.6;247.6;-0.65;38.2;1.94;-0.019;3.0;-0.304;72.89;2.312;2.279;-0.017;3.5;-1.23;32.1;2.37;2.299;-0.001;-0.4;-0.009;18.3;2.346;-0.003;0.3;109.0;33.6;0.938;0.106;0.177;1.383
76;Ar;-0.16578;-0.03693;16.47;257.35;-0.621;30.69;1.977;-0.012;2.4;-0.289;70.35;2.329;2.282;-0.014;2.9;-1.257;22.46;2.379;2.308;-0.004;0.7;-0.018;8.22;2.365;0.002;2.2;110.2;35.7;2.59;-1.976;1.325;0.666
77;Ar;-0.1796;-0.0491;7.73;244.65;-0.644;35.62;1.94;-0.017;2.8;-0.293;70.0;2.315;2.276;-0.015;3.0;-1.227;30.21;2.364;2.284;-0.003;0.0;0.013;15.94;2.335;0.0;0.0;108.7;33.5;0.366;-0.585;0.149;0.986
78;Ar;-0.16792;-0.03707;8.3;251.6;-0.66;37.9;1.942;-0.019;3.1;-0.314;72.39;2.319;2.278;-0.016;3.4;-1.24;30.7;2.374;2.305;-0.001;0.0;-0.023;16.2;2.345;-0.001;0.5;108.8;31.7;1.785;0.113;0.093;1.082
79;Ar;-0.2015;-0.0733;30.68;233.9;-0.614;21.27;1.965;-0.002;5.8;-0.25;59.11;2.311;2.29;-0.001;6.2;-1.182;18.41;2.358;2.31;0.006;4.0;0.049;3.3;2.351;0.022;3.5;107.3;22.8;0.896;-4.257;5.94;-2.747
80;Ar;-0.21324;-0.08464;7.7;227.2;-0.63;34.5;1.937;-0.015;2.8;-0.272;66.76;2.303;2.274;-0.014;3.0;-1.18;38.4;2.357;2.291;0.003;-0.2;0.046;17.1;2.329;0.0;0.1;108.5;34.2;-1.49;-1.183;0.848;1.481
81;Ar;-0.1417;-0.02166;8.6;264.8;-0.67;39.6;1.945;-0.021;3.3;-0.337;76.15;2.326;2.286;-0.021;4.2;-1.27;28.0;2.378;2.311;-0.004;0.2;-0.041;13.1;2.355;-0.003;0.8;109.1;31.4;3.476;0.817;0.041;0.55
82;Ar;-0.23006;-0.10175;7.2;202.0;-0.62;33.2;1.933;-0.015;2.7;-0.248;64.06;2.3;2.273;-0.009;3.0;-1.15;25.5;2.349;2.289;0.004;-0.3;0.076;18.8;2.318;-0.001;0.0;108.1;34.8;-2.923;-2.442;1.209;0.829
83;Ar;-0.1741;-0.0438;8.4;251.85;-0.659;38.07;1.941;-0.019;3.2;-0.313;73.01;2.318;2.28;-0.02;3.5;-1.245;32.49;2.37;2.299;-0.004;0.7;-0.017;17.06;2.347;-0.002;0.7;108.9;31.4;1.577;0.467;0.396;0.994
84;Ar;-0.1803;-0.0475;8.16;247.2;-0.658;36.83;1.943;-0.012;3.1;-0.305;71.23;2.317;2.283;-0.013;3.2;-1.232;32.64;2.367;2.302;0.001;0.4;-0.005;14.8;2.346;0.004;0.6;108.7;29.2;1.352;-0.577;0.577;1.262
85;Ar;-0.149;-0.0517;9.74;252.81;-0.658;37.46;1.946;-0.018;3.4;-0.326;73.41;2.323;2.277;-0.022;4.6;-1.214;36.35;2.367;2.336;-0.003;0.3;-0.026;13.01;2.369;0.0;-0.4;106.4;26.5;2.688;-0.002;0.209;0.029
86;Ar;-0.1787;-0.0733;23.53;245.24;-0.633;29.77;1.967;-0.001;3.8;-0.285;66.11;2.318;2.297;-0.005;4.5;-1.224;25.84;2.362;2.301;0.01;1.8;0.023;8.22;2.371;0.017;1.5;108.0;21.9;2.027;-3.328;2.875;-0.299
87;Ar;-0.2041;-0.0654;8.35;236.4;-0.631;34.96;1.938;-0.018;3.0;-0.271;68.55;2.309;2.277;-0.018;3.5;-1.203;35.28;2.36;2.29;0.001;0.3;0.032;17.0;2.337;0.003;0.0;108.6;32.0;-0.618;-0.848;0.846;0.908
88;Ar;-0.2;-0.0783;7.72;235.26;-0.642;34.99;1.938;-0.015;3.1;-0.28;67.87;2.308;2.275;-0.013;3.3;-1.159;41.2;2.359;2.305;-0.008;1.2;0.032;17.31;2.331;0.004;0.1;108.4;31.3;-0.747;-0.617;1.05;1.067
89;Ar;-0.1858;-0.0511;12.29;242.51;-0.65;34.97;1.949;-0.012;2.6;-0.295;69.66;2.316;2.285;-0.013;3.0;-1.22;31.6;2.369;2.308;0.003;-0.1;0.007;14.41;2.349;0.005;0.0;108.5;28.0;1.128;-1.47;0.264;1.154
90;Ar;-0.17894;-0.04708;9.14;246.61;-0.647;35.25;1.946;-0.015;2.9;-0.297;70.14;2.319;2.279;-0.018;3.3;-1.23;28.96;2.37;2.309;0.0;0.1;-0.003;13.56;2.345;0.002;0.4;109.1;34.7;1.157;-0.866;0.475;0.805
91;Ar;-0.1836;-0.0828;12.6;245.38;-0.626;31.61;1.954;-0.01;2.7;-0.275;68.79;2.317;2.284;-0.013;2.9;-1.21;27.96;2.368;2.315;0.001;0.2;0.015;13.09;2.355;0.002;0.6;109.1;36.0;0.72;-2.213;1.046;0.888
92;Ar;-0.1946;-0.0829;8.0;237.81;-0.646;35.8;1.941;-0.015;2.8;-0.289;69.23;2.313;2.278;-0.013;3.0;-1.205;33.18;2.363;2.301;0.002;-0.1;0.028;13.01;2.336;0.002;-0.1;108.4;33.1;0.06;-1.267;0.44;1.08
93;Ar;-0.1541;-0.0508;8.5;244.71;-0.655;36.81;1.94;-0.019;3.3;-0.308;71.71;2.314;2.273;-0.02;4.1;-1.227;33.66;2.366;2.308;0.002;0.2;-0.008;14.16;2.351;0.003;-0.1;107.1;35.9;1.395;-0.125;0.246;0.247
94;Ar;-0.2132;-0.078;9.22;226.39;-0.601;30.43;1.94;-0.013;2.3;-0.238;63.31;2.303;2.273;-0.016;2.7;-1.165;29.7;2.352;2.292;0.01;0.1;0.085;12.0;2.337;0.008;-1.3;109.0;32.9;-2.154;-3.287;0.799;0.528
95;Ar;-0.1836;-0.0505;20.52;243.55;-0.652;32.77;1.967;-0.008;1.9;-0.291;68.67;2.318;2.29;-0.01;2.5;-1.224;30.03;2.37;2.309;0.009;-0.6;0.014;10.9;2.37;0.011;-0.5;108.7;34.0;1.566;-2.901;-0.102;1.142
96;Ar;-0.17214;-0.04159;14.43;252.06;-0.632;33.0;1.961;-0.012;2.4;-0.298;70.52;2.325;2.283;-0.017;3.6;-1.242;24.65;2.376;2.297;-0.001;0.7;-0.013;10.86;2.357;0.002;2.0;109.4;33.5;2.151;-1.395;1.238;0.599
97;Ar;-0.189;-0.04768;4.83;239.2;-0.666;37.62;1.933;0.009;4.1;-0.304;70.77;2.313;2.276;0.011;4.2;-1.256;35.33;2.369;2.286;0.023;1.0;-0.019;16.02;2.333;0.026;1.1;108.4;34.6;1.178;-1.221;2.214;2.465
98;Ar;-0.2208;-0.0685;3.78;225.59;-0.639;33.94;1.934;-0.012;2.8;-0.266;67.08;2.304;2.272;-0.009;3.1;-1.2;31.75;2.357;2.278;0.007;-1.9;0.038;18.85;2.311;0.004;-1.4;108.0;35.9;-1.845;-1.62;0.036;1.599
99;Ar;-0.18807;-0.0478;5.41;240.76;-0.667;37.54;1.935;-0.02;4.0;-0.303;71.36;2.315;2.277;-0.017;4.0;-1.244;33.94;2.371;2.304;-0.005;1.1;-0.024;16.11;2.339;-0.001;0.9;108.0;34.3;1.114;0.829;1.088;0.677
100;Ar;-0.1844;-0.0664;4.0;229.94;-0.671;33.91;1.936;0.002;1.0;-0.286;67.09;2.31;2.279;0.003;1.7;-1.22;35.39;2.364;2.277;0.015;-0.8;0.03;16.35;2.339;0.004;0.0;109.2;32.0;-0.311;-2.172;-0.3;3.358
101;Ar;-0.1905;-0.0508;9.38;242.07;-0.674;37.52;1.938;-0.02;3.3;-0.305;72.6;2.316;2.281;-0.019;3.8;-1.232;33.79;2.37;2.311;0.001;0.3;-0.025;15.63;2.353;0.002;0.1;107.1;33.8;1.449;0.068;0.259;0.563
102;Ar;-0.1846;-0.0535;9.22;245.31;-0.669;37.62;1.951;-0.016;2.6;-0.307;71.75;2.317;2.298;-0.016;3.5;-1.228;31.75;2.368;2.325;0.0;0.2;-0.005;14.36;2.359;0.004;-1.2;106.9;20.8;2.071;-1.056;-0.3;0.666
103;Ar;-0.1898;-0.0501;10.85;244.14;-0.654;36.65;1.942;-0.021;4.4;-0.306;71.9;2.316;2.281;-0.018;3.9;-1.227;33.91;2.371;2.289;-0.009;2.1;-0.021;14.85;2.347;0.001;0.4;107.2;33.2;1.364;0.576;1.298;-0.033
104;Ar;-0.1891;-0.0491;6.78;241.96;-0.66;36.61;1.937;-0.019;3.9;-0.298;70.99;2.314;2.274;-0.018;4.2;-1.237;34.73;2.367;2.297;-0.008;1.0;-0.008;15.72;2.341;0.007;-0.1;107.7;36.6;0.687;0.427;0.856;0.276
105;Ar;-0.1883;-0.051;10.85;246.28;-0.671;36.86;1.945;-0.016;4.0;-0.301;72.51;2.317;2.285;-0.02;4.0;-1.234;32.18;2.369;2.311;0.002;0.6;-0.009;12.44;2.351;0.005;0.1;106.0;35.2;1.854;-0.349;0.715;-0.102
106;Ar;-0.2095;-0.0795;12.69;229.53;-0.604;29.96;1.947;-0.006;1.2;-0.24;64.7;2.305;2.283;-0.009;1.9;-1.177;29.81;2.356;2.297;0.018;-0.5;0.063;11.66;2.339;0.02;-2.0;108.2;22.7;-1.243;-4.639;-0.118;1.172
107;R;-0.1884;-0.03937;3.23;237.05;-0.675;39.29;1.929;-0.024;5.2;-0.31;72.21;2.311;2.271;-0.021;5.0;-1.288;37.28;2.372;2.278;-0.014;3.1;-0.04;16.53;2.33;-0.008;2.1;108.3;36.1;1.087;3.011;2.374;0.39
108;R;-0.2432;-0.0767;6.19;205.51;-0.606;30.02;1.921;-0.008;3.1;-0.225;62.43;2.293;2.257;-0.004;3.3;-1.171;31.73;2.349;2.258;0.013;0.0;0.065;19.25;2.295;0.01;-0.3;108.0;42.8;-4.066;-2.345;1.788;1.233
109;R;-0.19267;-0.04659;7.29;240.08;-0.681;38.73;1.932;-0.026;4.3;-0.313;72.9;2.315;2.275;-0.024;4.4;-1.282;37.38;2.374;2.287;-0.013;2.1;-0.046;15.76;2.341;-0.006;1.1;107.6;36.4;1.422;2.313;1.191;0.32
110;R;-0.198;-0.0726;6.98;218.82;-0.616;28.95;1.959;0.004;2.3;-0.259;63.08;2.306;2.275;0.017;1.9;-1.219;35.48;2.364;2.278;0.016;-2.0;0.067;12.2;2.343;0.001;0.0;110.3;33.2;-1.226;-3.524;1.225;3.632
111;R;-0.186;-0.0444;10.5;243.86;-0.675;38.78;1.943;-0.02;3.4;-0.31;74.36;2.318;2.283;-0.019;3.8;-1.27;36.16;2.373;2.3;-0.008;1.3;-0.049;14.76;2.36;0.003;0.1;105.7;28.4;2.367;0.778;0.25;0.41
112;R;-0.1804;-0.046;22.9;248.87;-0.681;38.63;1.956;-0.016;2.5;-0.312;74.57;2.32;2.298;-0.014;3.1;-1.228;31.38;2.376;2.354;0.006;0.0;-0.043;11.2;2.395;0.016;-0.7;106.4;13.1;3.811;-1.99;-0.647;0.362
113;R;-0.1764;-0.0389;15.93;245.85;-0.684;34.12;1.951;-0.01;3.5;-0.299;70.46;2.321;2.291;-0.009;2.6;-1.275;35.05;2.375;2.313;-0.004;2.9;-0.024;11.28;2.37;0.004;-0.5;105.8;20.6;2.937;-0.687;0.566;0.46
114;R;-0.1838;-0.0435;12.49;247.41;-0.681;35.88;1.944;-0.02;6.2;-0.313;74.03;2.32;2.285;-0.019;3.9;-1.232;35.69;2.375;2.305;-0.01;1.1;-0.056;13.67;2.362;0.002;0.2;106.7;21.1;2.578;0.81;1.385;-0.291
115;R;-0.1972;-0.0519;9.34;241.49;-0.672;36.41;1.937;-0.023;5.6;-0.303;70.48;2.314;2.278;-0.02;5.9;-1.259;37.61;2.368;2.294;-0.013;4.1;-0.013;11.86;2.34;0.004;1.9;107.7;28.9;1.443;1.789;3.256;-0.862
116;R;-0.1919;-0.0646;30.22;240.85;-0.647;31.44;1.963;-0.001;1.7;-0.275;68.41;2.316;2.298;-0.004;2.3;-1.204;31.21;2.365;2.34;0.013;-0.2;-0.015;4.82;2.396;0.032;-1.6;105.2;12.3;2.652;-5.073;-0.335;0.124
117;R;-0.193;-0.0442;4.26;238.58;-0.676;39.17;1.93;-0.027;4.2;-0.312;72.64;2.313;2.273;-0.025;4.1;-1.3;37.23;2.372;2.278;-0.016;2.3;-0.046;12.74;2.335;-0.006;0.6;107.5;37.1;1.193;2.459;0.956;0.246
118;R;-0.1926;-0.0418;4.57;238.88;-0.676;38.8;1.928;-0.027;4.1;-0.313;72.11;2.313;2.273;-0.025;4.1;-1.298;36.53;2.372;2.278;-0.016;2.2;-0.047;12.44;2.335;-0.006;0.5;107.3;36.7;1.195;2.359;0.843;0.141
119;R;-0.1548;-0.0539;24.38;252.15;-0.681;39.23;1.954;-0.017;2.6;-0.321;75.4;2.321;2.293;-0.016;3.2;-1.233;31.21;2.373;2.364;0.009;-0.2;-0.054;11.84;2.406;0.012;-0.8;105.7;15.5;4.273;-1.832;-0.92;0.145
120;R;-0.1731;-0.041;34.44;252.54;-0.673;33.76;1.966;-0.007;1.6;-0.295;70.81;2.325;2.31;-0.008;2.8;-1.226;29.12;2.373;2.35;0.011;-1.3;-0.032;2.54;2.429;0.024;-2.1;104.9;24.2;4.376;-4.388;-1.286;-0.333
121;R;-0.1716;-0.0385;34.61;254.48;-0.675;33.93;1.967;-0.008;1.4;-0.296;71.17;2.326;2.308;-0.008;2.7;-1.228;29.24;2.374;2.347;0.011;-1.4;-0.034;3.07;2.434;0.022;-2.3;105.0;23.9;4.464;-4.301;-1.526;-0.196
122;R;-0.153;-0.0486;16.76;255.59;-0.678;39.01;1.955;-0.017;2.7;-0.336;76.05;2.324;2.296;-0.018;3.4;-1.245;40.63;2.375;2.337;-0.002;-1.7;-0.061;8.66;2.409;0.01;-0.5;106.2;15.2;4.31;-0.802;-1.06;0.871
123;R;-0.1574;-0.0704;29.17;256.55;-0.682;38.26;1.955;-0.018;2.8;-0.322;76.43;2.327;2.294;-0.017;3.4;-1.176;29.47;2.374;2.412;0.009;-0.4;-0.04;5.57;2.396;0.017;-1.0;101.3;16.4;5.22;-3.011;-1.208;-1.622
124;R;-0.1822;0.0203;4.85;240.07;-0.667;38.84;1.939;-0.029;3.8;-0.302;73.47;2.315;2.275;-0.024;3.8;-1.297;38.09;2.376;2.284;-0.018;2.6;-0.044;15.84;2.345;-0.007;0.8;106.6;39.6;1.797;2.77;0.574;0.328
125;R;-0.1838;-0.0365;2.92;237.31;-0.646;36.52;1.936;-0.026;3.7;-0.289;70.1;2.312;2.273;-0.021;3.7;-1.283;37.29;2.371;2.278;-0.014;2.5;-0.015;15.87;2.332;-0.007;1.1;108.6;46.0;0.319;1.904;1.316;0.719
126;R;-0.1796;-0.0386;5.76;242.45;-0.664;39.29;1.937;-0.02;2.2;-0.309;72.7;2.317;2.28;-0.03;3.2;-1.255;36.52;2.371;2.296;-0.006;-0.5;-0.01;11.34;2.342;-0.009;-1.1;107.5;39.7;1.258;0.668;-1.035;0.953
127;R;-0.1837;-0.063;6.21;234.38;-0.628;34.16;1.939;-0.025;3.4;-0.27;69.25;2.312;2.269;-0.019;3.5;-1.233;35.29;2.364;2.27;-0.011;1.2;0.029;12.14;2.324;0.004;-0.1;107.1;49.7;-0.558;0.093;0.767;-0.117
128;R;-0.1865;-0.0605;7.1;240.96;-0.645;38.19;1.94;-0.011;2.2;-0.29;70.86;2.312;2.277;-0.02;4.1;-1.212;37.13;2.364;2.291;-0.01;1.0;-0.004;16.06;2.338;0.003;-0.4;107.4;41.8;0.377;0.053;0.367;0.919
129;R;-0.1861;-0.0607;7.7;229.29;-0.623;32.25;1.929;-0.018;3.9;-0.244;66.08;2.307;2.267;-0.015;3.6;-1.183;38.51;2.355;2.266;-0.004;2.5;0.058;15.3;2.318;0.011;-0.1;106.9;51.5;-1.724;-0.515;1.646;-0.276
130;R;-0.1787;-0.0846;14.04;231.73;-0.641;33.77;1.938;-0.023;3.3;-0.259;68.3;2.308;2.275;-0.017;3.3;-1.21;36.21;2.362;2.286;0.007;2.1;0.021;13.21;2.334;0.004;0.3;106.8;47.6;-0.316;-0.806;1.134;-0.106
131;R;-0.1854;-0.0846;25.71;232.16;-0.63;27.32;1.953;-0.007;2.2;-0.245;65.62;2.31;2.283;-0.01;1.3;-1.171;30.57;2.356;2.294;0.01;-1.8;0.036;6.57;2.36;0.021;-3.4;105.2;65.9;-0.75;-4.687;-1.201;-0.37
132;R;-0.185;-0.0854;12.23;229.74;-0.624;31.77;1.927;-0.02;3.7;-0.245;65.55;2.306;2.265;-0.016;3.7;-1.175;37.71;2.354;2.263;-0.009;2.3;0.059;15.43;2.315;0.007;0.0;106.9;51.8;-1.945;-0.548;1.553;-0.543
133;R;-0.1949;-0.0925;12.05;220.6;-0.614;31.55;1.925;-0.02;3.5;-0.231;64.31;2.3;2.263;-0.013;3.4;-1.168;37.18;2.348;2.252;-0.001;2.0;0.076;15.37;2.306;0.01;-0.5;106.7;51.8;-2.905;-1.242;1.47;-0.395
134;R;-0.1838;-0.0848;17.99;234.59;-0.631;32.02;1.932;-0.012;4.1;-0.248;66.77;2.311;2.272;-0.008;3.8;-1.163;29.92;2.356;2.307;0.025;4.3;0.06;11.94;2.321;0.011;-0.1;106.7;43.9;-0.416;-2.474;2.509;-0.839
135;Ar;-0.1961;-0.0655;3.1;232.01;-0.636;34.22;1.933;-0.02;3.3;-0.284;67.1;2.311;2.27;-0.018;3.4;-1.244;35.09;2.366;2.275;-0.006;1.3;0.007;11.76;2.335;-0.003;0.6;109.1;55.8;-0.763;0.332;1.288;0.765
136;R;-0.196;-0.0657;4.51;235.24;-0.632;33.8;1.938;-0.015;2.8;-0.278;67.45;2.313;2.267;-0.014;2.8;-1.217;33.33;2.363;2.285;0.001;0.1;0.025;12.07;2.333;0.0;-0.1;108.5;54.7;-0.839;-0.883;0.595;1.046
137;R;-0.1828;0.0261;8.35;243.37;-0.679;39.31;1.941;-0.022;3.8;-0.315;74.97;2.319;2.281;-0.022;4.2;-1.298;39.41;2.379;2.294;-0.014;2.4;-0.057;15.36;2.35;-0.002;0.8;106.2;30.8;2.811;2.436;0.608;0.5
138;R;-0.1813;-0.037;2.95;239.01;-0.652;37.53;1.933;-0.025;3.6;-0.296;71.04;2.314;2.272;-0.021;3.6;-1.281;37.03;2.373;2.275;-0.016;2.2;-0.021;16.39;2.332;-0.009;0.9;108.9;36.1;0.639;2.018;0.994;0.981
139;R;-0.1966;-0.0583;7.24;232.62;-0.67;38.69;1.931;-0.024;4.5;-0.3;72.09;2.311;2.274;-0.023;4.7;-1.266;42.89;2.366;2.279;-0.014;2.9;-0.022;13.6;2.332;-0.002;0.7;106.5;39.2;0.707;2.22;1.638;0.004
140;R;-0.1964;-0.0628;11.94;237.84;-0.632;33.0;1.937;-0.016;2.1;-0.27;67.83;2.315;2.277;-0.014;3.2;-1.2;30.24;2.365;2.296;0.003;1.0;0.042;12.39;2.336;0.01;-1.4;107.0;35.3;-0.093;-2.045;0.095;0.079
141;R;-0.1936;-0.0625;16.64;237.31;-0.665;35.39;1.938;-0.018;3.6;-0.29;70.91;2.314;2.28;-0.021;4.2;-1.192;35.53;2.366;2.312;0.0;0.2;0.015;14.16;2.333;0.014;-0.3;106.4;43.9;0.547;-0.782;0.476;-0.435
142;R;-0.1846;-0.0543;27.66;244.34;-0.681;38.84;1.962;-0.017;2.2;-0.311;75.2;2.319;2.302;-0.012;2.8;-1.176;31.8;2.375;2.417;0.016;-0.6;-0.042;10.86;2.403;0.015;-1.1;103.2;6.5;4.56;-3.286;-1.194;-0.109
143;R;-0.1914;-0.0566;18.05;240.76;-0.675;36.76;1.954;-0.018;4.2;-0.303;71.87;2.316;2.301;-0.019;4.7;-1.211;33.58;2.368;2.341;0.004;1.9;-0.029;10.98;2.385;0.012;0.8;105.6;15.0;3.052;-1.071;1.616;-0.737
144;R;-0.1819;0.0274;11.97;243.52;-0.679;38.5;1.942;-0.024;3.5;-0.312;74.86;2.32;2.282;-0.023;4.1;-1.299;39.31;2.378;2.288;-0.012;2.2;-0.054;13.54;2.359;-0.002;0.0;104.9;37.9;2.887;2.106;0.094;0.018
145;R;-0.1801;-0.0382;3.41;241.92;-0.662;38.86;1.935;-0.023;3.5;-0.307;72.68;2.316;2.278;-0.019;3.6;-1.276;36.8;2.372;2.286;-0.011;1.9;-0.036;16.91;2.339;-0.007;0.8;108.3;26.1;1.418;1.693;0.747;1.16
146;R;-0.18293;0.02693;4.8;240.9;-0.67;39.2;1.936;-0.028;3.6;-0.307;74.48;2.316;2.277;-0.026;3.9;-1.31;40.3;2.378;2.274;-0.022;2.8;-0.045;11.7;2.343;-0.008;0.7;106.7;38.0;2.11;3.091;0.483;0.31
147;R;-0.17906;0.02503;3.7;243.5;-0.67;40.2;1.936;-0.029;4.0;-0.316;74.71;2.316;2.279;-0.023;4.1;-1.31;41.0;2.378;2.279;-0.022;3.0;-0.066;16.5;2.347;-0.011;1.1;107.7;27.3;2.361;3.541;0.845;0.836
148;R;-0.18702;0.02094;5.88;237.57;-0.656;36.82;1.941;-0.026;3.3;-0.294;72.45;2.316;2.276;-0.024;3.8;-1.297;38.54;2.376;2.266;-0.018;3.0;-0.022;12.21;2.334;-0.004;0.4;106.0;58.1;1.217;2.384;0.591;-0.017
149;R;-0.19556;0.00096;3.4;226.8;-0.65;35.3;1.932;-0.026;3.8;-0.277;69.29;2.308;2.267;-0.019;3.8;-1.28;39.9;2.368;2.255;-0.021;3.0;-0.005;13.4;2.319;-0.008;0.8;107.6;51.3;-0.361;2.425;1.382;0.382
150;R;-0.197;-0.0309;4.6;221.17;-0.668;35.96;1.907;-0.024;3.0;-0.275;69.3;2.304;2.253;-0.02;3.3;-1.223;38.48;2.363;2.257;-0.005;0.3;0.023;20.66;2.289;0.002;-0.3;106.7;59.6;-2.067;1.394;-0.324;0.642
151;R;-0.2048;-0.0563;6.0;217.88;-0.612;30.84;1.926;-0.027;2.8;-0.23;64.72;2.303;2.261;-0.022;3.2;-1.164;32.67;2.357;2.277;0.003;0.1;0.097;14.96;2.293;0.012;-0.7;107.7;54.8;-3.146;-1.499;0.46;-0.403
152;R;-0.1896;0.0079;5.89;234.5;-0.655;36.03;1.935;-0.024;4.0;-0.285;71.4;2.314;2.273;-0.018;4.1;-1.242;37.07;2.368;2.297;-0.006;1.8;-0.022;15.62;2.335;-0.003;1.0;106.4;49.4;0.767;1.437;1.169;0.172
153;R;-0.2076;-0.0151;7.67;220.15;-0.62;31.48;1.936;-0.014;3.3;-0.243;66.43;2.305;2.265;-0.006;3.4;-1.177;33.35;2.358;2.296;0.014;0.6;0.039;16.57;2.316;0.006;0.1;107.4;47.4;-1.557;-1.566;1.404;0.819
154;R;-0.185;0.0066;10.81;240.9;-0.661;36.74;1.948;-0.015;2.9;-0.297;73.28;2.317;2.282;-0.011;3.4;-1.215;31.64;2.371;2.348;0.016;0.6;-0.021;11.44;2.348;0.01;-0.1;105.8;29.4;2.407;-1.34;0.135;0.495
155;R;-0.1838;0.0042;16.69;241.72;-0.657;34.24;1.957;-0.011;2.5;-0.294;71.74;2.318;2.283;-0.009;3.1;-1.236;33.26;2.373;2.326;0.004;1.1;-0.028;8.97;2.363;0.021;-0.7;103.9;30.5;2.735;-1.831;-0.157;-0.078
156;R;-0.1837;0.0061;17.59;242.73;-0.667;36.61;1.951;-0.015;2.9;-0.297;73.58;2.319;2.285;-0.009;3.5;-1.207;33.86;2.373;2.35;0.012;0.1;-0.012;12.16;2.352;0.012;-0.4;106.4;27.9;2.602;-1.475;-0.088;0.546
157;R;-0.1839;0.0072;10.88;242.7;-0.661;36.76;1.949;-0.016;3.0;-0.299;73.41;2.32;2.285;-0.01;3.4;-1.217;31.72;2.371;2.344;0.018;0.8;-0.038;13.78;2.361;0.01;0.2;106.5;28.7;2.589;-1.22;0.346;0.743
158;R;-0.1902;-0.0505;10.53;238.24;-0.65;35.34;1.946;-0.017;3.1;-0.285;71.31;2.315;2.279;-0.012;3.5;-1.196;32.34;2.367;2.34;0.015;1.0;-0.002;11.22;2.344;0.009;0.0;106.1;39.4;1.257;-1.622;0.734;0.184
159;R;-0.181;-0.051;8.34;241.44;-0.658;36.13;1.942;-0.02;3.8;-0.307;71.0;2.317;2.28;-0.02;3.9;-1.294;35.67;2.375;2.276;-0.014;2.0;-0.052;9.09;2.348;-0.001;2.8;107.6;34.4;1.951;1.261;1.787;0.394
160;R;-0.1807;-0.052;22.4;248.77;-0.652;33.78;1.947;-0.016;2.7;-0.295;72.49;2.328;2.286;-0.019;3.3;-1.248;32.75;2.376;2.311;0.0;0.8;-0.036;7.19;2.375;0.009;-0.5;105.6;31.9;2.855;-1.489;-0.012;-0.361
161;R;-0.1797;-0.0502;19.15;250.71;-0.687;35.8;1.949;-0.019;6.4;-0.295;72.89;2.325;2.285;-0.019;3.3;-1.255;29.75;2.376;2.348;0.002;4.0;-0.052;8.97;2.382;0.004;1.9;106.0;17.2;3.879;-0.149;2.503;-1.143
162;R;-0.1725;-0.0519;45.88;253.2;-0.658;31.54;1.961;-0.005;1.8;-0.291;70.73;2.329;2.298;-0.007;2.6;-1.187;22.54;2.38;2.366;0.025;-0.8;-0.034;-0.42;2.395;0.033;-1.8;103.1;19.0;4.744;-6.001;-1.125;-1.518
163;R;-0.1766;-0.0513;20.79;250.17;-0.651;33.18;1.95;-0.016;2.4;-0.299;71.61;2.328;2.284;-0.018;3.4;-1.249;34.17;2.376;2.305;0.001;0.8;-0.057;8.17;2.384;0.01;3.5;106.9;28.2;3.103;-1.126;1.227;0.302
164;R;-0.1784;-0.0523;21.37;253.87;-0.651;35.65;1.949;-0.026;4.8;-0.297;74.56;2.327;2.286;-0.027;5.8;-1.253;34.81;2.375;2.305;-0.011;3.4;-0.056;10.38;2.387;-0.001;5.9;107.7;25.2;3.606;1.291;3.843;-0.999
165;Ar;-0.1852;-0.0572;13.64;245.32;-0.634;32.57;1.95;-0.013;2.8;-0.28;69.04;2.317;2.28;-0.012;3.1;-1.202;28.01;2.367;2.303;0.004;0.1;0.016;12.21;2.343;0.009;0.0;107.6;35.1;0.789;-2.151;0.565;0.319
166;R;-0.172;-0.0496;42.99;253.6;-0.659;32.09;1.959;-0.005;1.8;-0.292;71.62;2.329;2.296;-0.009;2.5;-1.188;22.37;2.378;2.365;0.023;-0.8;-0.033;-0.35;2.397;0.032;-1.8;101.9;19.7;4.797;-5.781;-1.316;-1.692
167;R;-0.18;-0.0476;23.48;251.03;-0.654;33.61;1.948;-0.013;2.7;-0.298;72.05;2.328;2.285;-0.016;3.5;-1.238;28.17;2.375;2.312;0.007;0.8;-0.042;5.64;2.385;0.014;-0.5;104.3;32.2;3.267;-2.229;0.059;-0.841
168;R;-0.1709;-0.0498;43.72;256.4;-0.658;33.9;1.958;-0.001;1.7;-0.294;75.66;2.336;2.297;-0.011;2.3;-1.178;25.43;2.379;2.381;0.025;-1.0;-0.045;1.52;2.436;0.028;2.1;105.1;14.2;5.605;-5.359;-0.087;-0.315
169;R;-0.1635;-0.0505;26.05;250.07;-0.652;31.04;1.948;-0.029;4.8;-0.291;75.7;2.326;2.282;-0.023;3.8;-1.229;27.11;2.376;2.325;-0.011;2.7;-0.029;9.77;2.364;0.01;-0.4;103.9;37.9;2.997;-0.704;0.736;-2.609
170;Ar;-0.1638;-0.0527;16.22;246.81;-0.639;33.09;1.95;-0.012;2.6;-0.286;70.2;2.322;2.281;-0.014;3.1;-1.202;26.86;2.368;2.303;0.011;-0.3;-0.008;7.46;2.36;0.003;2.4;108.7;32.0;1.871;-2.195;1.085;0.566
171;R;-0.1606;-0.0449;31.68;255.9;-0.663;30.79;1.946;-0.017;2.4;-0.302;70.71;2.334;2.287;-0.019;3.1;-1.214;24.27;2.376;2.359;0.006;-0.1;-0.043;1.44;2.383;0.015;-0.4;103.1;36.5;4.048;-3.212;-0.749;-2.048
172;R;-0.1657;-0.0381;47.9;258.49;-0.665;32.7;1.962;-0.006;1.7;-0.305;72.79;2.337;2.297;-0.009;2.6;-1.188;19.04;2.378;2.4;0.024;-1.0;-0.05;-0.68;2.439;0.028;2.2;105.5;14.2;5.988;-5.731;-0.086;-1.095
173;R;-0.1695;-0.0382;24.06;255.96;-0.667;34.04;1.952;-0.015;2.5;-0.313;74.96;2.338;2.287;-0.017;3.3;-1.254;29.27;2.379;2.324;0.007;0.9;-0.068;4.4;2.399;0.008;4.1;107.7;26.0;4.506;-1.429;1.266;0.183
174;R;-0.1646;-0.0374;48.69;260.12;-0.664;33.3;1.959;-0.007;1.8;-0.306;73.07;2.339;2.297;-0.008;2.5;-1.249;20.65;2.376;2.367;0.017;2.6;-0.057;-0.77;2.443;0.031;2.6;105.2;8.5;6.353;-4.732;0.724;-1.398
175;R;-0.1732;-0.0476;17.96;264.08;-0.666;40.31;1.95;-0.02;2.5;-0.309;79.8;2.335;2.289;-0.022;3.4;-1.251;34.34;2.38;2.326;0.003;1.2;-0.038;11.83;2.369;0.017;-2.5;104.9;36.3;3.808;-0.732;-1.321;-0.238
176;Ar;-0.1804;-0.0517;28.04;246.94;-0.397;26.75;1.957;-0.003;4.1;-0.273;65.42;2.33;2.291;-0.005;2.5;-1.23;16.59;2.375;2.308;0.014;2.5;0.018;0.57;2.389;0.022;0.9;106.3;28.8;2.056;-5.91;3.611;-1.097
177;R;-0.1785;-0.0458;29.1;249.66;-0.66;32.75;1.945;-0.01;2.2;-0.292;72.34;2.329;2.287;-0.013;2.9;-1.262;29.99;2.374;2.318;0.002;3.8;-0.025;0.64;2.371;0.022;-2.0;104.4;30.9;3.44;-2.565;-0.074;-1.348
178;R;-0.1769;-0.0457;33.23;251.23;-0.682;32.4;1.956;-0.01;5.9;-0.287;71.14;2.333;2.289;-0.011;3.1;-1.255;30.25;2.373;2.324;0.006;4.0;-0.034;2.81;2.374;0.018;2.2;105.9;20.6;4.163;-1.775;2.708;-1.501
179;R;-0.1759;-0.0511;34.58;255.91;-0.663;34.56;1.955;-0.009;1.9;-0.293;73.78;2.332;2.298;-0.011;2.5;-1.236;24.83;2.373;2.355;0.011;2.4;-0.047;-0.38;2.411;0.026;1.2;104.6;10.6;5.126;-3.925;0.363;-1.071
180;R;-0.1808;-0.0503;22.15;255.65;-0.66;36.82;1.946;-0.025;5.1;-0.295;76.78;2.331;2.289;-0.024;6.0;-1.237;31.29;2.381;2.313;-0.003;3.5;-0.05;8.71;2.397;0.003;5.1;106.1;28.6;4.31;0.76;3.641;-1.54
181;R;-0.1761;-0.043;37.46;250.82;-0.665;33.45;1.959;-0.01;1.9;-0.305;72.7;2.328;2.297;-0.013;2.8;-1.2;24.41;2.384;2.368;0.021;-0.8;-0.044;2.56;2.396;0.024;-1.4;103.6;19.7;4.73;-4.588;-1.172;-1.049
182;R;-0.1734;-0.0431;19.85;249.28;-0.66;34.46;1.943;-0.017;2.6;-0.306;72.78;2.325;2.287;-0.017;3.6;-1.254;31.07;2.376;2.302;0.001;0.8;-0.063;8.21;2.378;0.004;3.9;107.2;28.4;3.256;-0.642;1.312;0.308
183;R;-0.1827;-0.0424;16.78;247.3;-0.666;35.36;1.94;-0.02;3.0;-0.31;73.62;2.329;2.283;-0.02;3.5;-1.265;28.57;2.375;2.305;0.001;2.4;-0.046;9.65;2.36;0.007;-0.3;104.5;36.5;2.898;-0.516;0.156;-0.851
184;R;-0.1741;-0.0575;24.9;256.21;-0.676;37.14;1.961;-0.01;2.1;-0.322;74.09;2.325;2.303;-0.009;2.7;-1.239;37.46;2.375;2.354;0.0;0.8;-0.029;7.1;2.385;0.028;-0.9;105.9;-0.4;4.416;-2.618;-0.684;0.442
185;R;-0.165;-0.0543;25.33;249.86;-0.655;33.84;1.946;-0.016;2.4;-0.288;70.48;2.323;2.284;-0.016;3.3;-1.242;30.74;2.37;2.304;0.002;0.7;-0.031;5.42;2.371;0.015;-0.6;105.3;32.6;2.66;-2.058;-0.238;-0.766
186;Ar;-0.1725;-0.0647;20.42;249.13;-0.635;31.2;1.95;-0.007;1.6;-0.292;70.04;2.33;2.286;-0.008;2.5;-1.214;27.31;2.382;2.307;0.013;-0.5;0.019;6.9;2.359;0.015;-1.4;107.2;37.4;2.085;-3.552;-0.582;0.52
187;R;-0.1679;-0.0749;29.03;260.23;-0.687;36.66;1.976;-0.002;1.1;-0.318;72.4;2.324;2.322;-0.002;2.0;-1.24;29.98;2.371;2.347;0.019;-1.6;-0.037;5.94;2.447;0.031;-2.2;105.7;-4.7;5.242;-5.101;-1.708;1.048
188;R;-0.1748;-0.0708;15.95;254.78;-0.678;38.39;1.951;-0.015;2.4;-0.322;74.52;2.323;2.291;-0.012;3.0;-1.247;31.68;2.374;2.317;0.011;-1.1;-0.042;13.69;2.372;0.01;-1.1;107.1;18.5;3.023;-1.59;-0.974;1.179
189;Hal;-0.28188;-0.03544;1.5;163.6;-0.68;31.1;1.867;-0.025;2.2;-0.262;56.86;2.269;2.213;-0.027;2.1;-1.24;37.0;2.343;2.192;-0.01;-0.4;0.026;22.5;2.234;0.006;-1.5;108.3;62.0;-8.032;1.521;-0.816;0.973
190;Hal;-0.27201;-0.1087;2.2;171.9;-0.52;23.4;1.905;-0.037;1.5;-0.136;49.78;2.273;2.231;-0.04;1.0;-1.06;29.9;2.334;2.228;0.002;-2.0;0.263;22.0;2.256;0.043;-3.1;110.6;48.3;-10.975;-4.948;-0.424;-0.966
191;Hal;-0.2676;-0.1505;3.1;168.32;-0.445;20.11;1.925;-0.041;0.9;-0.084;47.76;2.276;2.237;-0.037;0.6;-0.949;30.31;2.332;2.24;0.02;-3.1;0.393;27.05;2.269;0.086;-4.0;113.7;45.1;-13.012;-8.832;-0.224;-1.059
192;Hal;-0.2493;-0.1657;4.12;180.29;-0.431;20.09;1.941;-0.042;0.5;-0.094;49.86;2.281;2.243;-0.042;0.3;-0.921;30.72;2.334;2.248;0.025;-3.5;0.408;27.42;2.301;0.095;-4.0;116.2;37.9;-12.392;-9.795;-0.402;-0.743
193;Hal;-0.24125;-0.04621;1.63;181.38;-0.668;37.75;1.861;-0.028;2.0;-0.273;64.2;2.282;2.214;0.001;1.8;-1.273;43.18;2.353;2.188;-0.019;-0.1;0.006;23.9;2.237;-0.005;-1.6;107.4;60.4;-6.031;2.818;-1.404;2.488
194;Hal;-0.2282;-0.02819;1.17;196.59;-0.692;38.77;1.872;-0.028;2.5;-0.289;66.66;2.288;2.228;-0.064;2.7;-1.284;41.16;2.36;2.205;-0.014;0.3;-0.001;22.12;2.251;-0.001;-1.1;107.4;55.7;-4.465;3.744;-1.787;0.214
195;Hal;-0.2613;-0.0198;1.74;188.16;-0.681;32.26;1.874;-0.027;2.7;-0.272;60.1;2.28;2.224;-0.029;2.6;-1.277;36.16;2.352;2.214;-0.017;-1.2;-0.006;21.13;2.258;0.0;-2.4;108.4;56.3;-5.93;2.06;-1.32;0.826
196;Hal;-0.2233;-0.0299;2.21;200.31;-0.698;38.66;1.873;-0.026;2.9;-0.295;67.41;2.29;2.232;-0.027;3.1;-1.281;41.55;2.359;2.208;-0.012;0.8;-0.012;24.71;2.262;0.001;-0.9;107.0;56.0;-3.877;3.429;-0.982;1.098
197;Hal;-0.2138;-0.0118;2.53;201.42;-0.705;35.23;1.887;-0.028;3.0;-0.292;64.84;2.289;2.235;-0.029;2.9;-1.269;35.92;2.354;2.221;-0.014;0.7;-0.002;21.57;2.269;0.002;-0.5;107.5;53.9;-3.749;2.658;-0.827;0.344
198;Hal;-0.2168;-0.0288;2.45;205.9;-0.696;37.6;1.882;-0.025;2.8;-0.29;67.6;2.293;2.234;-0.027;3.2;-1.238;38.98;2.36;2.228;-0.009;0.1;0.021;20.7;2.263;0.005;-0.9;107.1;54.6;-3.555;2.326;-1.029;0.637
199;Hal;-0.229;-0.0764;2.41;207.06;-0.697;38.05;1.876;-0.026;3.2;-0.291;67.3;2.292;2.233;-0.028;3.1;-1.256;39.6;2.355;2.211;-0.01;0.8;0.023;22.2;2.255;0.004;-1.0;107.1;56.2;-4.228;2.594;-0.679;0.579
200;Hal;-0.25416;-0.09901;1.91;178.82;-0.544;27.48;1.892;-0.028;2.9;-0.168;54.36;2.279;2.234;0.081;1.9;-1.098;35.42;2.338;2.221;0.0;-0.1;0.194;21.89;2.259;0.021;-1.7;110.3;59.6;-8.743;-3.805;2.239;3.123
201;Hal;-0.24223;-0.08417;2.37;192.24;-0.571;29.51;1.899;-0.03;2.4;-0.184;57.32;2.286;2.241;0.013;2.2;-1.127;33.62;2.344;2.236;-0.002;-0.5;0.171;20.17;2.263;0.022;-1.8;108.8;52.3;-7.229;-2.699;0.603;0.878
202;Hal;-0.26;-0.0824;2.13;186.34;-0.562;25.7;1.899;-0.038;2.0;-0.175;53.22;2.281;2.235;-0.04;1.9;-1.138;28.83;2.342;2.24;-0.017;-2.9;0.188;17.88;2.268;0.034;-1.9;110.5;46.4;-8.67;-2.914;-0.639;-1.05
203;Hal;-0.2301;-0.0781;4.29;196.58;-0.587;27.12;1.914;-0.043;2.1;-0.195;56.84;2.287;2.245;-0.043;2.1;-1.133;28.57;2.344;2.255;-0.009;-1.1;0.161;17.07;2.278;0.028;-1.8;108.9;44.9;-6.738;-2.506;-0.692;-1.738
204;Hal;-0.2303;-0.0784;3.73;202.65;-0.583;29.74;1.907;-0.03;2.3;-0.199;59.73;2.293;2.249;-0.034;2.6;-1.135;31.58;2.348;2.248;0.0;-1.0;0.157;18.3;2.274;0.029;-2.2;108.1;50.6;-6.106;-2.493;-0.381;-0.91
205;R;-0.23772;-0.05245;1.86;188.32;-0.606;35.62;1.878;-0.02;5.7;-0.264;63.85;2.286;2.233;-0.055;5.9;-1.258;40.28;2.358;2.216;-0.01;4.2;-0.001;18.31;2.269;0.0;1.3;108.2;58.3;-4.525;3.502;3.505;-1.058
206;R;-0.20451;-0.01841;2.51;218.13;-0.688;41.0;1.893;-0.025;4.5;-0.304;70.8;2.3;2.248;0.008;3.9;-1.314;41.07;2.37;2.229;-0.017;2.8;-0.029;18.37;2.285;-0.002;0.6;107.4;47.1;-1.019;3.63;1.113;1.616
207;OR/OAr;-0.2328;-0.012;2.54;206.27;-0.708;35.08;1.885;-0.031;2.8;-0.301;65.4;2.293;2.238;-0.033;2.9;-1.249;33.17;2.356;2.228;-0.013;0.3;-0.002;22.57;2.269;0.0;-0.5;107.8;51.2;-3.711;2.504;-1.054;0.187
208;R;-0.2009;-0.022;3.31;223.65;-0.697;40.94;1.897;-0.026;3.7;-0.311;72.47;2.304;2.251;-0.027;3.9;-1.301;41.71;2.371;2.241;-0.016;2.0;-0.029;22.44;2.288;-0.004;0.3;106.6;47.0;-0.824;3.954;-0.081;0.83
209;NR2/NAr2;-0.1764;-0.0002;4.32;230.45;-0.709;37.69;1.908;-0.026;2.8;-0.313;69.86;2.302;2.252;-0.029;2.9;-1.3;37.75;2.368;2.251;-0.012;-1.2;-0.017;19.01;2.303;-0.001;-0.4;107.9;42.5;-0.676;2.49;-1.675;1.06
210;R;-0.1909;-0.0241;10.95;233.62;-0.701;40.14;1.914;-0.022;2.9;-0.306;73.82;2.311;2.265;-0.023;3.3;-1.271;38.75;2.373;2.266;-0.004;0.2;-0.015;18.83;2.313;0.008;-0.5;105.5;32.4;0.681;1.524;-1.147;0.677
211;Ar;-0.2048;-0.0657;2.97;228.95;-0.676;39.23;1.899;-0.023;3.9;-0.295;70.58;2.302;2.25;-0.025;4.1;-1.246;38.48;2.365;2.241;-0.008;0.9;0.023;22.61;2.288;0.0;0.7;107.6;45.6;-1.826;2.409;0.544;0.744
212;R;-0.24483;-0.08488;1.84;184.61;-0.557;28.63;1.903;-0.024;5.8;-0.204;57.53;2.284;2.242;-0.134;5.9;-1.146;35.72;2.345;2.241;0.009;3.6;0.096;14.44;2.282;0.023;0.5;109.1;65.2;-6.799;0.585;3.518;-4.76
213;R;-0.2162;-0.0568;2.49;212.72;-0.624;34.82;1.907;-0.033;4.0;-0.244;65.36;2.298;2.255;-0.072;3.4;-1.223;36.4;2.359;2.251;-0.006;2.0;0.062;14.31;2.292;0.017;-0.2;107.9;48.6;-3.376;1.061;0.536;-1.931
214;OR/OAr;-0.2329;-0.0472;5.38;201.99;-0.64;30.5;1.899;-0.041;2.5;-0.277;59.11;2.291;2.245;-0.049;2.5;-1.2;29.66;2.351;2.239;-0.02;-0.3;0.093;19.8;2.27;0.013;-1.4;109.3;47.9;-5.413;0.381;-1.105;-1.339
215;NR2/NAr2;-0.1935;-0.0424;9.41;220.05;-0.644;31.97;1.926;-0.042;2.5;-0.252;64.05;2.299;2.258;-0.042;2.7;-1.206;29.81;2.357;2.268;-0.017;-0.2;0.063;14.53;2.309;0.01;-1.3;108.2;36.2;-2.608;-0.28;-1.101;-1.453
216;R;-0.1997;-0.053;12.82;228.77;-0.642;34.65;1.933;-0.025;2.5;-0.514;69.3;2.308;2.271;-0.023;3.2;-1.198;31.41;2.365;2.305;0.003;-0.2;0.057;14.29;2.32;0.022;-1.2;105.1;26.9;0.785;-0.779;-1.394;-0.689
217;R;-0.2025;-0.0522;7.15;228.08;-0.634;35.06;1.919;-0.026;3.0;-0.259;68.55;2.308;2.264;-0.027;3.5;-1.218;35.59;2.364;2.269;-0.007;0.7;0.054;16.17;2.313;0.013;-0.8;106.8;40.2;-1.464;-0.075;0.021;-0.302
218;OR/OAr;-0.2074;-0.0003;4.24;223.6;-0.68;34.6;1.889;-0.033;2.3;-0.325;69.15;2.301;2.247;-0.039;3.4;-1.28;37.98;2.375;2.254;-0.024;-0.7;-0.054;20.94;2.285;-0.004;-0.2;107.7;40.2;-1.5;3.167;-1.57;0.463
219;OR/OAr;-0.2891;-0.0602;5.14;183.42;-0.62;26.09;1.879;-0.036;2.6;-0.195;55.22;2.276;2.233;-0.035;2.1;-1.122;32.48;2.334;2.21;-0.008;-0.5;0.191;23.47;2.233;0.023;-3.4;107.7;66.1;-9.503;-1.405;-0.797;-1.409
220;OR/OAr;-0.21342;0.00379;3.0;229.7;-0.71;36.2;1.898;-0.033;2.3;-0.333;71.45;2.304;2.25;-0.04;0.7;-1.29;34.4;2.368;2.247;-0.02;-1.4;-0.03;21.6;2.29;-0.008;-2.7;107.5;45.9;-1.644;2.629;-3.598;0.921
221;OR/OAr;-0.244;-0.0381;3.13;208.65;-0.689;33.4;1.889;-0.036;3.2;-0.268;63.28;2.29;2.244;-0.036;3.3;-1.208;40.95;2.349;2.232;-0.018;0.7;0.074;23.61;2.268;0.003;-1.1;108.3;55.4;-5.075;2.227;-0.485;-0.254
222;OR/OAr;-0.1973;0.004;4.36;233.89;-0.729;38.16;1.904;-0.038;3.7;-0.334;70.78;2.304;2.257;-0.042;3.7;-1.275;35.95;2.366;2.258;-0.021;1.2;-0.028;18.59;2.308;-0.005;-0.1;108.1;47.9;-0.587;3.813;-0.95;-0.538
223;OR/OAr;-0.2022;0.0042;7.05;229.38;-0.729;36.31;1.898;-0.035;3.4;-0.331;67.86;2.304;2.259;-0.036;3.2;-1.281;35.03;2.364;2.247;-0.019;0.8;-0.024;17.71;2.322;-0.002;-0.7;108.4;49.4;-0.987;3.066;-1.211;-0.334
224;OR/OAr;-0.2047;0.0031;4.44;230.78;-0.726;36.68;1.9;-0.038;3.3;-0.331;68.55;2.304;2.257;-0.04;3.7;-1.271;36.1;2.366;2.254;-0.022;0.9;-0.018;20.62;2.294;-0.005;-0.9;108.4;47.9;-1.281;3.598;-1.266;-0.386
225;OR/OAr;-0.1901;0.0062;9.38;240.44;-0.738;36.44;1.917;-0.04;3.0;-0.338;70.5;2.31;2.274;-0.042;3.0;-1.288;32.77;2.373;2.273;-0.027;0.4;-0.034;12.72;2.333;-0.007;-0.8;107.3;46.4;0.779;2.906;-1.916;-0.985
226;Hal;-0.2668;-0.0598;16.96;194.82;-0.617;21.3;1.898;-0.043;2.4;-0.203;53.75;2.284;2.245;-0.044;2.1;-1.099;19.37;2.336;2.275;-0.007;-2.2;0.173;15.0;2.267;0.02;-3.9;107.2;66.2;-7.714;-3.529;-1.546;-3.45
227;OR/OAr;-0.2057;0.0005;4.34;231.51;-0.726;37.18;1.9;-0.037;3.2;-0.328;68.49;2.306;2.258;-0.038;3.0;-1.277;36.29;2.364;2.249;-0.021;0.8;-0.017;19.37;2.295;-0.004;-0.7;108.0;49.7;-1.245;3.377;-1.465;-0.209
228;OR/OAr;-0.198;0.0046;4.64;237.42;-0.732;37.89;1.904;-0.037;3.3;-0.331;69.59;2.307;2.264;-0.039;3.1;-1.278;35.64;2.366;2.258;-0.021;0.6;-0.023;18.95;2.306;-0.005;-0.6;107.9;47.4;-0.533;3.39;-1.551;-0.272
229;OR/OAr;-0.2011;-0.0471;5.94;222.1;-0.66;31.2;1.894;-0.037;2.8;-0.275;55.47;2.296;2.254;-0.04;4.6;-1.2;31.81;2.35;2.233;-0.019;-0.1;0.059;19.81;2.254;0.007;-4.3;106.6;48.9;-4.385;0.767;-1.465;-2.127
230;OR/OAr;-0.2126;-0.0672;5.02;211.5;-0.669;29.44;1.891;-0.037;3.2;-0.271;59.35;2.294;2.253;-0.04;3.2;-1.165;37.07;2.34;2.232;-0.018;-0.2;0.127;20.29;2.253;0.007;-1.9;107.8;55.3;-5.531;0.693;-0.859;-1.505
231;Hal;-0.2269;-0.0732;1.83;199.94;-0.652;29.38;1.887;-0.035;2.5;-0.228;56.61;2.283;2.23;-0.04;1.8;-1.141;41.41;2.337;2.215;-0.005;-2.0;0.141;22.02;2.268;0.016;-3.2;108.9;62.2;-7.699;-0.411;-1.784;-0.29
232;OR/OAr;-0.199;-0.0408;9.73;220.44;-0.695;31.34;1.901;-0.041;2.9;-0.283;59.15;2.298;2.257;-0.045;4.5;-1.2;33.88;2.353;2.245;-0.022;0.0;0.085;16.37;2.271;0.003;-0.3;107.9;63.1;-3.702;1.617;-0.548;-2.131
233;OR/OAr;-0.195;-0.0445;5.35;223.94;-0.677;31.06;1.894;-0.034;2.9;-0.292;62.82;2.299;2.255;-0.039;3.1;-1.194;31.23;2.349;2.243;-0.018;-0.1;0.076;17.21;2.285;0.006;-1.5;108.4;53.5;-3.637;0.777;-1.123;-1.342
234;OR/OAr;-0.1775;-0.0429;5.89;227.34;-0.684;31.48;1.892;-0.037;3.1;-0.289;61.11;2.298;2.255;-0.042;2.8;-1.2;31.87;2.35;2.246;-0.021;0.0;0.082;17.11;2.274;0.001;-1.5;108.8;53.6;-3.62;1.211;-1.373;-1.466
235;OR/OAr;-0.2375;-0.0973;5.44;198.22;-0.653;27.91;1.888;-0.035;3.0;-0.249;56.85;2.286;2.249;-0.038;2.7;-1.128;43.79;2.332;2.227;-0.014;-0.6;0.17;19.05;2.25;0.014;-2.0;108.6;56.9;-7.353;-0.264;-0.517;-1.027
236;OR/OAr;-0.2021;-0.0435;3.75;224.2;-0.686;31.52;1.902;-0.045;5.5;-0.286;62.69;2.298;2.26;-0.046;5.4;-1.182;35.82;2.346;2.234;-0.026;2.7;0.064;14.9;2.295;0.001;0.4;106.5;53.9;-3.051;2.713;1.497;-3.281
237;OR/OAr;-0.1965;-0.0432;11.23;221.8;-0.684;26.58;1.908;-0.036;5.2;-0.273;60.06;2.299;2.278;-0.039;3.3;-1.187;29.76;2.35;2.252;-0.015;1.5;0.101;10.25;2.308;0.013;-2.1;106.8;68.7;-3.121;-0.059;0.205;-3.332
238;OR/OAr;-0.1913;-0.0589;3.54;227.53;-0.681;31.84;1.909;-0.039;4.6;-0.28;59.36;2.297;2.268;-0.041;5.5;-1.169;26.74;2.345;2.237;-0.013;2.9;0.134;12.55;2.258;0.012;1.1;107.5;52.1;-3.327;0.92;1.782;-3.465
239;OR/OAr;-0.1896;-0.0394;8.1;231.5;-0.669;30.69;1.9;-0.039;2.7;-0.277;61.94;2.3;2.256;-0.042;2.4;-1.167;31.88;2.344;2.251;-0.017;-0.9;0.083;14.7;2.293;0.011;-1.9;107.9;31.0;-3.256;-0.254;-1.813;-1.729
240;OR/OAr;-0.2094;-0.0044;3.18;225.18;-0.682;36.19;1.899;-0.026;3.1;-0.288;68.74;2.301;2.247;-0.027;3.4;-1.232;29.92;2.363;2.259;-0.007;0.3;0.008;15.65;2.283;0.003;-0.5;107.3;33.3;-1.571;1.192;-0.585;-0.113
241;OR/OAr;-0.2013;0.0043;3.25;227.36;-0.703;39.14;1.897;-0.033;3.4;-0.313;71.16;2.305;2.254;-0.035;3.5;-1.281;35.87;2.369;2.248;-0.018;1.3;-0.017;17.08;2.292;-0.005;-0.1;107.2;42.0;-0.73;3.375;-0.793;-0.086
242;OR/OAr;-0.2279;-0.0267;3.61;209.16;-0.668;34.45;1.895;-0.026;3.0;-0.27;65.79;2.294;2.244;-0.026;3.0;-1.223;33.99;2.356;2.235;-0.01;0.2;0.036;22.01;2.276;0.0;-0.7;108.2;47.9;-3.775;1.381;-0.346;0.523
243;OR/OAr;-0.1917;0.0014;6.38;234.09;-0.708;38.82;1.91;-0.031;2.8;-0.314;72.39;2.308;2.262;-0.032;3.1;-1.275;35.21;2.373;2.26;-0.015;0.5;-0.013;18.96;2.309;-0.002;-0.7;106.6;34.3;0.151;2.489;-1.541;0.205
244;OR/OAr;-0.1918;0.001;7.24;232.79;-0.734;40.38;1.911;-0.034;3.1;-0.345;74.1;2.313;2.269;-0.037;3.7;-1.312;40.23;2.374;2.27;-0.02;0.5;-0.022;17.47;2.298;0.0;2.7;107.0;46.5;0.871;3.954;-0.681;0.213
245;OR/OAr;-0.2011;-0.0492;3.94;232.16;-0.694;38.12;1.902;-0.03;3.2;-0.305;70.2;2.305;2.255;-0.031;3.2;-1.253;35.12;2.367;2.251;-0.014;0.5;0.016;16.35;2.295;-0.002;-0.5;107.9;41.6;-1.25;2.084;-0.792;0.146
246;OR/OAr;-0.1975;-0.0488;5.38;238.77;-0.698;38.36;1.907;-0.033;3.3;-0.315;71.29;2.309;2.262;-0.034;3.2;-1.258;35.01;2.366;2.255;-0.017;0.3;0.005;18.72;2.3;-0.004;-0.5;107.2;40.7;-0.7;2.352;-1.077;-0.088
247;OR/OAr;-0.1979;-0.039;7.49;232.3;-0.676;34.75;1.909;-0.03;2.7;-0.281;68.06;2.306;2.266;-0.031;2.9;-1.208;30.78;2.359;2.271;-0.009;-0.1;0.048;17.4;2.289;0.007;-1.0;107.2;37.7;-1.611;0.243;-1.128;-0.58
248;OR/OAr;-0.1929;-0.0616;3.12;231.5;-0.658;34.82;1.898;-0.031;6.9;-0.279;67.02;2.302;2.256;-0.032;6.4;-1.202;33.78;2.354;2.24;-0.013;3.8;0.081;19.75;2.277;0.005;3.1;108.4;44.1;-2.282;2.774;3.881;-2.034
249;OR/OAr;-0.2089;-0.0783;4.1;222.49;-0.637;32.38;1.895;-0.032;2.4;-0.244;61.94;2.297;2.252;-0.034;2.1;-1.167;33.98;2.347;2.233;-0.015;-0.4;0.112;20.08;2.265;0.004;-1.9;108.3;45.1;-4.855;-0.145;-1.197;-0.398
250;R;-0.1888;-0.0096;11.4;239.44;-0.687;38.77;1.926;-0.024;2.7;-0.302;73.46;2.313;2.271;-0.023;3.2;-1.258;33.66;2.372;2.289;-0.004;0.1;-0.02;15.95;2.331;0.006;-0.4;106.1;23.0;1.37;0.645;-1.028;0.366
251;R;-0.1917;-0.0096;4.84;239.51;-0.689;39.34;1.913;-0.027;3.5;-0.308;73.25;2.311;2.263;-0.026;3.7;-1.257;36.2;2.371;2.274;-0.011;0.6;-0.023;18.21;2.313;-0.001;0.1;106.9;33.8;0.468;2.215;-0.452;0.404
252;R;-0.1897;-0.0027;3.81;230.61;-0.705;41.17;1.911;-0.031;4.3;-0.33;74.07;2.31;2.266;-0.032;4.3;-1.324;41.69;2.375;2.257;-0.022;2.4;-0.06;19.98;2.316;-0.009;0.8;107.5;46.6;0.707;4.673;0.282;0.495
253;R;-0.2518;-0.0552;2.49;195.58;-0.635;32.07;1.896;-0.015;-0.3;-0.237;63.33;2.288;2.245;-0.012;-0.6;-1.189;37.09;2.351;2.237;0.003;-3.9;0.1;23.01;2.253;0.008;-0.8;108.9;53.3;-6.061;-1.8;-2.603;3.336
254;R;-0.183;-0.0061;18.05;241.67;-0.711;40.14;1.932;-0.025;2.9;-0.326;75.95;2.318;2.285;-0.026;3.3;-1.271;36.25;2.381;2.306;-0.004;0.1;-0.038;15.72;2.351;0.005;-0.7;105.2;32.3;2.769;1.085;-1.468;0.131
255;R;-0.1858;-0.0041;9.75;240.51;-0.685;36.45;1.918;-0.025;7.1;-0.309;71.04;2.314;2.266;-0.025;7.4;-1.273;32.41;2.374;2.279;-0.013;5.4;-0.027;14.68;2.32;0.0;4.2;107.1;21.2;1.984;3.423;4.608;-1.892
256;Ar;-0.1922;-0.0587;5.15;239.45;-0.693;39.39;1.918;-0.026;3.5;-0.32;73.01;2.314;2.273;-0.027;3.9;-1.251;37.27;2.367;2.274;-0.011;0.3;-0.009;20.45;2.317;-0.001;0.0;107.8;45.0;0.055;2.055;-0.275;0.577
257;Ar;-0.1865;-0.0535;8.99;240.68;-0.694;38.85;1.919;-0.027;3.7;-0.32;72.45;2.315;2.274;-0.029;3.7;-1.255;37.03;2.372;2.274;-0.009;1.2;-0.006;18.1;2.321;-0.001;0.2;106.6;46.4;0.604;1.98;-0.165;-0.014
258;OR/OAr;-0.1816;-0.0291;9.39;237.38;-0.695;37.69;1.928;-0.035;4.1;-0.306;71.49;2.312;2.276;-0.03;3.7;-1.272;38.05;2.37;2.269;-0.02;2.4;0.003;18.09;2.314;-0.002;0.7;107.0;38.1;0.56;2.657;0.25;-0.489
259;R;-0.1872;-0.0286;21.86;239.37;-0.694;36.3;1.931;-0.023;2.7;-0.305;72.42;2.316;2.281;-0.024;3.4;-1.242;33.4;2.372;2.303;0.003;0.1;0.003;13.36;2.341;0.014;-1.1;105.2;36.5;1.6;-0.531;-1.125;-0.607
260;Ar;-0.1881;-0.0635;5.45;236.04;-0.664;36.25;1.917;-0.025;3.5;-0.288;70.18;2.31;2.269;-0.024;3.3;-1.212;34.97;2.362;2.266;-0.007;0.1;0.041;19.11;2.308;0.006;-0.1;108.1;51.2;-1.256;0.696;-0.061;0.234
261;Ar;-0.2073;-0.0886;7.8;219.81;-0.619;29.91;1.91;-0.021;2.5;-0.227;61.69;2.299;2.263;-0.022;2.4;-1.17;35.59;2.35;2.238;-0.007;-0.4;0.123;16.64;2.288;0.013;-2.0;108.1;52.7;-4.373;-1.618;-0.303;-0.056
262;Ar;-0.174;-0.028;11.88;242.69;-0.692;38.77;1.936;-0.032;3.7;-0.304;75.98;2.313;2.28;-0.028;3.4;-1.253;39.57;2.371;2.284;-0.009;-0.2;0.003;21.07;2.322;0.002;0.1;107.4;37.4;0.973;1.789;-0.743;0.434
263;OR/OAr;-0.2181;-0.0117;3.8;212.16;-0.701;33.77;1.897;-0.031;2.8;-0.293;65.35;2.297;2.246;-0.034;2.9;-1.26;31.9;2.36;2.234;-0.012;0.7;0.025;19.74;2.277;0.001;-0.7;108.9;56.3;-3.255;2.039;-0.851;-0.015
264;OR/OAr;-0.1956;-0.0063;3.46;224.47;-0.698;35.21;1.905;-0.035;2.4;-0.291;67.23;2.299;2.251;-0.035;2.7;-1.277;32.06;2.364;2.244;-0.02;-0.3;0.009;16.96;2.3;-0.001;-0.5;108.6;46.7;-1.941;2.117;-1.536;0.023
265;OR/OAr;-0.2024;-0.0528;2.28;226.16;-0.67;35.47;1.891;-0.025;3.2;-0.28;68.04;2.301;2.247;-0.028;3.3;-1.232;33.86;2.363;2.238;-0.009;0.3;0.061;21.53;2.27;0.0;-0.3;109.3;52.4;-3.097;1.653;-0.254;0.543
266;OR/OAr;-0.178;-0.0255;6.03;221.64;-0.667;32.34;1.903;-0.034;2.9;-0.26;63.47;2.296;2.252;-0.034;2.6;-1.216;32.5;2.354;2.233;-0.012;0.3;0.065;16.37;2.282;0.005;-1.1;108.3;48.9;-3.219;0.753;-0.991;-0.789
267;OR/OAr;-0.2161;-0.0027;2.77;220.16;-0.695;35.17;1.891;-0.032;2.8;-0.291;66.82;2.297;2.241;-0.035;3.0;-1.247;30.72;2.359;2.236;-0.014;0.5;0.015;20.15;2.281;0.0;-0.4;108.9;44.8;-2.933;2.167;-0.937;-0.031
268;OR/OAr;-0.1913;-0.003;4.65;230.32;-0.71;36.84;1.904;-0.037;2.4;-0.302;69.5;2.306;2.258;-0.037;3.0;-1.299;35.15;2.369;2.249;-0.028;-0.8;0.003;14.98;2.297;-0.003;-0.3;107.9;41.7;-0.884;2.812;-1.914;-0.062
269;OR/OAr;-0.202;-0.0505;2.4;229.65;-0.658;36.32;1.889;-0.028;2.4;-0.27;67.72;2.304;2.241;-0.029;2.7;-1.228;30.12;2.362;2.234;-0.014;0.5;0.051;16.22;2.283;0.0;-0.2;108.1;36.2;-2.535;1.051;-0.756;0.075
270;OR/OAr;-0.1851;0.0056;5.07;234.22;-0.709;37.23;1.908;-0.034;2.9;-0.31;69.94;2.304;2.26;-0.035;3.1;-1.278;32.25;2.368;2.256;-0.019;0.7;-0.004;14.3;2.3;-0.002;-0.4;107.9;35.8;-0.343;2.414;-1.305;-0.348
271;NR2/NAr2;-0.1628;-0.0375;23.72;246.48;-0.679;34.79;1.933;-0.029;3.1;-0.297;71.84;2.325;2.28;-0.034;3.7;-1.271;37.09;2.379;2.294;-0.012;6.6;0.003;11.21;2.337;0.005;-1.3;105.0;55.4;2.069;1.287;0.298;-2.133
272;OR/OAr;-0.1979;-0.0597;2.9;226.13;-0.678;37.23;1.891;-0.033;3.5;-0.287;68.47;2.303;2.249;-0.035;3.5;-1.245;36.3;2.359;2.228;-0.016;1.3;0.034;21.04;2.275;0.001;-0.2;107.8;49.1;-2.671;2.546;-0.319;-0.294
273;OR/OAr;-0.1986;-0.0592;4.76;220.26;-0.704;35.0;1.894;-0.036;3.2;-0.303;66.39;2.3;2.251;-0.038;3.1;-1.241;35.96;2.356;2.242;-0.016;0.4;0.024;20.27;2.282;0.002;-1.0;108.5;52.4;-2.965;2.222;-1.1;-0.442
274;OR/OAr;-0.1922;-0.0563;6.49;227.77;-0.686;34.3;1.902;-0.037;2.9;-0.285;66.69;2.3;2.255;-0.037;3.0;-1.234;32.87;2.357;2.244;-0.018;0.6;0.031;17.59;2.293;0.001;-0.8;108.1;42.5;-2.382;1.515;-0.995;-0.777
275;OR/OAr;-0.1977;-0.0682;5.3;230.73;-0.675;36.49;1.893;-0.033;3.3;-0.281;68.16;2.301;2.251;-0.034;3.1;-1.222;35.87;2.358;2.237;-0.013;0.8;0.048;20.22;2.283;0.003;-0.6;108.0;47.3;-2.743;1.739;-0.632;-0.322
276;OR/OAr;-0.1822;-0.0428;13.89;240.72;-0.669;30.31;1.91;-0.036;2.9;-0.274;64.47;2.312;2.266;-0.039;2.9;-1.171;12.57;2.353;2.284;-0.01;-0.2;0.061;9.39;2.319;0.004;-1.6;106.9;42.6;-1.258;-1.584;-1.265;-3.113
277;OR/OAr;-0.1865;-0.0501;6.8;231.92;-0.688;34.27;1.903;-0.037;2.8;-0.287;67.22;2.302;2.258;-0.038;3.0;-1.234;32.03;2.358;2.246;-0.018;0.7;0.029;17.09;2.309;0.003;-0.8;108.8;40.9;-1.992;1.396;-1.039;-0.793
278;OR/OAr;-0.1841;-0.0774;3.06;228.71;-0.676;37.02;1.891;-0.035;3.4;-0.286;68.26;2.304;2.253;-0.037;3.5;-1.233;36.8;2.358;2.228;-0.017;1.0;0.043;21.14;2.28;0.001;-0.4;107.4;48.8;-2.602;2.351;-0.577;-0.553
279;OR/OAr;-0.1807;-0.0745;6.93;228.17;-0.684;33.99;1.902;-0.038;3.0;-0.282;66.38;2.3;2.256;-0.038;3.1;-1.221;33.36;2.353;2.244;-0.016;0.6;0.036;17.74;2.298;0.003;-0.7;107.9;42.2;-2.46;1.253;-0.895;-1.035
280;OR/OAr;-0.1835;-0.0784;5.14;232.73;-0.672;36.31;1.896;-0.034;3.3;-0.278;67.93;2.301;2.252;-0.035;3.1;-1.211;36.28;2.357;2.234;-0.014;0.8;0.069;17.54;2.278;0.005;-0.7;107.7;47.5;-2.706;1.473;-0.707;-0.701
281;OR/OAr;-0.1804;-0.0742;3.13;230.87;-0.682;34.9;1.897;-0.035;3.4;-0.29;65.16;2.3;2.254;-0.036;3.3;-1.203;37.57;2.354;2.247;-0.017;1.4;0.027;18.83;2.288;0.002;-0.1;108.5;42.3;-2.601;1.843;-0.246;-0.635
282;OR/OAr;-0.181;-0.0743;7.35;231.21;-0.685;33.69;1.903;-0.038;3.1;-0.282;65.77;2.302;2.259;-0.038;3.0;-1.209;34.77;2.353;2.245;-0.018;0.6;0.05;17.44;2.298;0.003;-0.9;108.3;42.4;-2.516;1.184;-0.916;-1.048
283;OR/OAr;-0.1814;-0.0756;9.73;236.84;-0.682;32.8;1.914;-0.039;2.6;-0.287;65.29;2.305;2.267;-0.042;2.5;-1.197;35.38;2.352;2.266;-0.022;0.4;0.052;14.76;2.318;0.001;-1.3;107.6;33.6;-1.773;0.535;-1.419;-1.317
284;OR/OAr;-0.1779;-0.0702;7.43;229.87;-0.691;34.38;1.904;-0.038;3.1;-0.284;66.03;2.301;2.257;-0.038;3.1;-1.214;33.02;2.355;2.249;-0.015;0.4;0.038;17.19;2.302;0.002;-0.7;107.9;41.8;-2.19;1.203;-0.969;-1.071
285;OR/OAr;-0.2058;-0.1086;7.99;227.52;-0.66;32.97;1.898;-0.037;3.0;-0.255;67.14;2.3;2.246;-0.036;3.0;-1.145;35.12;2.344;2.272;-0.008;0.1;0.095;20.1;2.278;0.014;-1.2;108.3;46.3;-4.119;-0.218;-0.682;-1.132
286;OR/OAr;-0.1784;-0.0364;3.42;236.72;-0.689;36.59;1.896;-0.037;2.6;-0.306;68.53;2.307;2.252;-0.041;3.1;-1.256;34.47;2.362;2.239;-0.02;-0.2;0.027;18.96;2.285;0.001;-1.2;107.9;36.1;-1.659;2.25;-1.892;-0.461
287;OR/OAr;-0.189;-0.0586;2.94;235.45;-0.661;36.17;1.894;-0.033;2.1;-0.283;66.78;2.305;2.253;-0.033;2.3;-1.221;34.24;2.358;2.244;-0.013;-1.4;0.064;14.26;2.295;0.005;-1.2;108.4;31.4;-2.303;0.475;-1.886;0.069
288;OR/OAr;-0.2212;0.00386;2.0;210.4;-0.65;31.3;1.886;-0.029;2.2;-0.249;62.3;2.293;2.227;-0.03;2.5;-1.21;24.6;2.353;2.228;-0.009;0.4;0.055;15.3;2.259;0.002;-0.4;108.4;45.9;-4.451;0.412;-0.619;-0.493
289;OR/OAr;-0.22;0.0046;1.95;211.57;-0.652;31.34;1.889;-0.029;2.2;-0.251;62.49;2.294;2.226;-0.031;2.5;-1.206;24.51;2.351;2.228;-0.009;0.4;0.054;15.07;2.267;0.003;-0.5;108.7;46.1;-4.409;0.339;-0.635;-0.527
290;OR/OAr;-0.1877;-0.0384;4.64;225.47;-0.676;33.51;1.889;-0.037;2.6;-0.284;64.19;2.302;2.244;-0.039;3.0;-1.191;32.03;2.35;2.247;-0.014;0.1;0.046;17.42;2.297;0.003;-0.9;107.3;37.0;-2.892;0.992;-1.31;-1.176
291;NR2/NAr2;-0.19621;0.03118;0.8;238.9;-0.7;39.6;1.908;-0.031;4.1;-0.357;77.09;2.308;2.26;-0.042;1.8;-1.37;48.3;2.38;2.238;-0.024;1.4;-0.099;22.6;2.318;-0.012;-1.6;107.3;35.2;0.804;5.283;-1.895;1.636
292;NR2/NAr2;-0.1613;0.0195;12.13;245.3;-0.72;39.3;1.927;-0.034;3.1;-0.333;73.65;2.344;2.291;-0.04;3.6;-1.29;34.35;2.379;2.298;-0.021;0.7;-0.037;22.47;2.339;-0.008;-2.1;106.9;34.4;2.752;2.765;-2.176;-0.415
293;NR2/NAr2;-0.1357;0.0324;40.53;256.39;-0.729;32.68;1.947;-0.022;1.5;-0.333;69.4;2.328;2.307;-0.026;1.9;-1.244;16.08;2.375;2.377;0.008;1.2;-0.04;0.64;2.326;0.016;-1.7;105.1;20.7;5.03;-3.031;-2.667;-2.617
294;NR2/NAr2;-0.1906;-0.0393;7.24;213.7;-0.64;31.6;1.909;-0.03;2.9;-0.236;61.26;2.295;2.25;-0.03;1.9;-1.15;33.29;2.348;2.262;0.0;-1.1;0.094;19.39;2.262;0.012;-1.6;107.2;47.9;-4.269;-1.024;-1.186;-0.547
295;NR2/NAr2;-0.15124;0.01717;11.0;250.7;-0.722;41.7;1.923;-0.035;3.5;-0.358;77.8;2.324;2.284;-0.039;3.8;-1.34;39.9;2.392;2.28;-0.017;0.4;-0.07;17.6;2.34;-0.011;0.0;106.7;36.4;3.527;4.111;-1.666;0.309
296;NR2/NAr2;-0.1617;0.0077;6.45;247.18;-0.711;45.04;1.923;-0.035;1.6;-0.32;79.54;2.314;2.277;-0.036;2.0;-1.259;43.65;2.367;2.293;-0.019;-0.6;-0.019;23.62;2.331;-0.003;-1.5;106.8;34.7;1.367;2.919;-3.437;1.312
297;NR2/NAr2;-0.14535;0.02923;14.0;254.8;-0.71;40.5;1.934;-0.037;2.5;-0.347;76.64;2.323;2.275;-0.038;3.1;-1.3;34.7;2.387;2.302;-0.007;-2.6;-0.037;19.8;2.337;0.005;-1.8;106.4;26.2;3.054;1.864;-3.498;0.174
298;Ar;-0.1715;-0.0105;42.81;258.26;-0.681;27.9;1.961;-0.039;2.3;-0.298;65.84;2.324;2.296;-0.041;2.4;-1.151;21.01;2.372;2.307;-0.023;-0.3;0.01;-0.46;2.359;-0.003;-0.5;106.4;18.8;2.733;-2.403;-1.579;-3.567
299;NR2/NAr2;-0.1571;-0.0465;27.46;252.12;-0.658;31.05;1.94;-0.021;0.2;-0.276;69.6;2.319;2.289;-0.023;0.7;-1.215;27.79;2.367;2.285;-0.004;-4.0;0.07;7.38;2.331;0.027;-4.3;104.2;29.9;0.95;-4.054;-4.585;-0.828
300;NR2/NAr2;-0.1642;0.0236;7.02;240.51;-0.71;38.44;1.919;-0.024;-0.3;-0.335;72.74;2.316;2.275;-0.026;-0.1;-1.316;35.61;2.382;2.276;-0.008;-3.0;-0.054;15.48;2.332;0.002;-3.7;106.6;41.3;1.348;0.606;-5.465;2.16
301;NR2/NAr2;-0.1722;0.0112;7.07;239.04;-0.736;40.24;1.914;-0.032;0.8;-0.344;74.59;2.314;2.271;-0.034;1.2;-1.314;38.56;2.381;2.275;-0.017;-1.8;-0.027;16.69;2.321;-0.003;-0.5;108.3;46.8;1.042;2.554;-3.792;1.669
302;NR2/NAr2;-0.1855;-0.0676;2.92;225.68;-0.68;39.72;1.921;-0.017;4.0;-0.312;69.88;2.303;2.259;-0.024;3.8;-1.296;47.33;2.369;2.249;-0.003;2.0;-0.033;22.07;2.318;-0.001;1.5;108.0;43.6;-0.467;2.877;1.203;1.861
303;NR2/NAr2;-0.1563;0.0234;34.7;255.64;-0.704;36.47;1.962;-0.016;1.8;-0.341;68.78;2.33;2.302;-0.001;-0.9;-1.267;27.2;2.383;2.345;0.015;-2.3;-0.047;4.32;2.327;0.023;-3.2;104.7;15.8;4.591;-3.681;-4.129;0.545
304;NR2/NAr2;-0.1583;0.0243;39.3;253.06;-0.724;33.83;1.937;-0.01;0.3;-0.327;67.45;2.329;2.31;-0.006;2.7;-1.303;30.42;2.387;2.324;0.007;-1.1;-0.037;4.21;2.328;0.028;-3.3;104.8;22.7;4.462;-2.815;-3.348;-0.293
305;NR2/NAr2;-0.1844;-0.0361;3.47;216.71;-0.675;33.55;1.901;-0.036;1.3;-0.272;64.45;2.294;2.248;-0.038;1.3;-1.195;35.69;2.353;2.257;-0.013;-1.7;0.061;19.83;2.281;0.0;-2.9;108.2;51.8;-3.878;0.526;-3.165;0.207
306;NR2/NAr2;-0.1833;-0.0598;7.39;224.68;-0.64;36.15;1.913;-0.034;4.2;-0.259;62.41;2.302;2.258;-0.022;1.2;-1.177;33.0;2.355;2.269;-0.001;-1.2;0.077;17.42;2.281;0.011;-1.6;107.5;41.7;-2.889;-0.719;-1.147;-0.233
307;NR2/NAr2;-0.1871;-0.0503;5.74;215.89;-0.662;30.79;1.905;-0.034;3.1;-0.249;63.03;2.294;2.252;-0.034;2.6;-1.172;29.49;2.346;2.242;-0.009;3.3;0.1;19.22;2.272;0.009;-1.5;108.5;50.9;-4.171;0.173;-0.053;-1.54
308;NR2/NAr2;-0.1613;-0.0467;12.22;249.84;-0.705;40.39;1.924;-0.034;3.5;-0.33;75.46;2.319;2.276;-0.036;3.8;-1.276;36.63;2.376;2.278;-0.019;0.9;-0.029;18.04;2.332;-0.005;0.3;106.5;39.6;1.859;2.773;-0.914;-0.401
309;NR2/NAr2;-0.1697;-0.0276;10.04;241.21;-0.719;35.96;1.917;-0.042;3.1;-0.331;69.89;2.314;2.271;-0.044;3.6;-1.276;33.14;2.372;2.269;-0.023;2.6;0.006;16.88;2.316;-0.004;-0.8;107.1;51.4;0.325;2.924;-1.175;-1.6
310;NR2/NAr2;-0.1631;-0.0479;34.29;249.38;-0.683;31.07;1.939;-0.02;0.8;-0.303;68.61;2.324;2.289;-0.024;1.3;-1.201;24.55;2.371;2.327;0.007;-0.8;0.037;1.98;2.334;0.039;-2.4;103.6;24.5;2.392;-4.489;-3.077;-2.154
311;NR2/NAr2;-0.1621;-0.0504;16.27;251.05;-0.676;33.52;1.932;-0.036;4.9;-0.317;70.31;2.326;2.284;-0.04;5.3;-1.22;30.82;2.372;2.309;-0.013;1.0;-0.016;12.65;2.345;-0.002;0.2;104.8;33.3;2.201;1.03;0.546;-2.686
312;NR2/NAr2;-0.1811;-0.0637;20.5;230.65;-0.636;26.72;1.92;-0.01;-0.3;-0.255;60.58;2.308;2.271;-0.018;1.3;-1.155;26.24;2.352;2.279;0.013;-2.1;0.103;9.74;2.307;0.025;-3.0;107.1;35.5;-2.166;-5.015;-2.455;-0.174
313;Ar;-0.1852;-0.0462;2.77;241.21;-0.669;39.88;1.925;-0.012;2.6;-0.311;70.76;2.313;2.273;-0.019;2.8;-1.265;42.43;2.371;2.282;0.007;-1.0;-0.009;18.53;2.319;0.005;0.3;108.6;33.9;0.407;0.651;-0.493;2.514
314;R;-0.1941;0.0175;2.85;232.11;-0.689;40.07;1.918;-0.03;4.6;-0.32;72.3;2.308;2.269;-0.029;4.7;-1.339;42.61;2.378;2.266;-0.016;2.2;-0.069;18.16;2.319;-0.01;1.1;107.5;34.5;1.161;4.335;0.894;0.717
315;OR/OAr;-0.1848;0.0043;6.22;230.47;-0.708;37.05;1.906;-0.034;2.7;-0.309;69.95;2.304;2.253;-0.035;3.0;-1.274;33.66;2.367;2.253;-0.018;0.3;-0.02;17.47;2.309;-0.002;-0.5;107.8;38.6;-0.638;2.516;-1.549;-0.06
316;R;-0.1935;-0.0797;2.75;211.31;-0.624;29.45;1.944;-0.005;3.6;-0.26;62.36;2.303;2.266;0.005;3.0;-1.25;39.87;2.367;2.258;0.004;1.6;0.039;16.74;2.324;-0.005;1.3;109.7;45.5;-1.825;-0.676;2.699;2.611
317;R;-0.1638;0.0223;34.68;255.41;-0.687;38.66;1.968;-0.012;1.3;-0.313;77.8;2.324;2.306;-0.013;2.2;-1.247;26.48;2.385;2.357;0.02;-1.4;-0.039;8.46;2.327;0.019;-1.0;104.5;7.1;5.275;-3.04;-2.37;0.311
318;R;-0.1665;0.0158;21.27;253.66;-0.691;41.78;1.943;-0.03;4.5;-0.339;74.45;2.325;2.297;-0.027;6.2;-1.3;34.07;2.386;2.31;-0.008;1.4;-0.048;15.06;2.321;-0.003;1.6;106.2;16.8;4.34;2.427;0.885;-0.82
319;OR/OAr;-0.1791;-0.0192;4.06;218.64;-0.684;34.83;1.894;-0.033;2.8;-0.281;65.92;2.297;2.247;-0.035;3.1;-1.221;34.37;2.356;2.245;-0.014;0.2;0.041;19.8;2.275;0.002;-1.2;107.6;46.4;-2.86;1.729;-1.343;-0.491
320;Ar;-0.1773;-0.0617;7.09;235.51;-0.645;38.82;1.924;-0.032;4.6;-0.283;65.55;2.309;2.269;-0.018;2.0;-1.196;32.55;2.361;2.279;0.0;-0.3;0.042;17.44;2.305;0.004;-0.4;107.9;37.9;-1.083;-0.048;-0.217;0.148
321;OR/OAr;-0.1816;-0.0491;3.58;220.04;-0.653;31.63;1.892;-0.037;3.0;-0.25;61.07;2.295;2.246;-0.04;2.8;-1.191;33.31;2.347;2.239;-0.018;0.3;0.118;18.47;2.268;0.006;-2.1;109.1;48.7;-4.671;0.669;-1.098;-1.238
322;Ar;-0.165;-0.0558;10.68;247.91;-0.692;39.91;1.93;-0.03;3.8;-0.33;75.1;2.32;2.279;-0.035;4.3;-1.275;37.6;2.381;2.292;-0.013;1.3;-0.027;18.73;2.338;-0.005;0.9;107.5;43.3;1.946;2.61;0.044;-0.007
323;OR/OAr;-0.191;-0.0355;7.64;231.44;-0.683;31.99;1.9;-0.034;1.9;-0.306;64.53;2.308;2.256;-0.037;1.6;-1.251;30.93;2.364;2.249;-0.017;-1.6;0.053;12.37;2.284;0.007;-2.5;107.2;49.7;-2.175;0.341;-2.946;-0.749
324;R;-0.1577;-0.0392;36.93;249.69;-0.68;33.54;1.955;-0.011;1.3;-0.303;70.63;2.323;2.301;-0.013;2.0;-1.239;29.66;2.376;2.343;0.015;-2.6;-0.018;4.46;2.329;0.021;-2.3;104.3;8.1;3.789;-4.1;-2.638;-0.215
325;Ar;-0.1653;-0.0671;13.8;254.36;-0.658;35.12;1.935;-0.028;2.7;-0.291;72.57;2.323;2.279;-0.025;2.5;-1.207;29.91;2.37;2.321;-0.014;3.9;0.022;11.95;2.33;0.007;-0.9;107.9;30.4;1.363;-0.443;-0.157;-0.982
326;Ar;-0.1718;-0.0599;14.04;247.21;-0.637;31.57;1.935;-0.017;0.8;-0.274;68.19;2.317;2.27;-0.018;0.7;-1.176;26.6;2.362;2.304;0.002;0.4;0.06;14.2;2.321;0.012;-1.8;109.7;43.2;-0.771;-2.829;-1.661;0.655
327;NR2/NAr2;-0.1886;0.0059;2.54;231.14;-0.713;36.86;1.913;-0.037;0.7;-0.304;69.83;2.306;2.253;-0.038;3.0;-1.316;42.23;2.375;2.237;-0.028;-0.3;-0.038;17.85;2.31;-0.006;-2.6;107.7;51.8;-0.923;3.363;-3.12;0.821
328;NR2/NAr2;-0.1677;0.0069;4.39;240.15;-0.707;38.25;1.919;-0.04;2.8;-0.321;72.65;2.313;2.268;-0.04;3.2;-1.337;44.58;2.378;2.252;-0.03;1.8;-0.043;16.33;2.33;-0.009;0.2;107.8;42.8;0.97;4.375;-1.225;0.303
329;NR2/NAr2;-0.177;-0.0435;2.82;239.19;-0.68;38.95;1.91;-0.03;3.6;-0.313;72.39;2.311;2.256;-0.034;4.0;-1.306;43.6;2.376;2.236;-0.024;2.4;-0.001;19.82;2.3;-0.006;0.5;107.6;49.3;-0.307;4.008;0.089;0.432
330;NR2/NAr2;-0.1666;-0.0465;6.81;242.58;-0.684;39.23;1.915;-0.033;3.6;-0.317;73.48;2.315;2.263;-0.036;4.0;-1.268;37.48;2.374;2.263;-0.018;1.0;-0.001;18.31;2.31;-0.006;0.1;106.4;50.3;0.418;2.96;-0.585;-0.395
331;NR2/NAr2;-0.2049;-0.0586;7.98;216.54;-0.643;30.11;1.9;-0.038;3.3;-0.242;61.57;2.295;2.252;-0.04;3.1;-1.163;30.39;2.348;2.245;-0.018;-0.4;0.131;17.48;2.27;0.013;-2.1;107.0;72.5;-5.053;-0.077;-0.915;-2.24
332;NR2/NAr2;-0.228;-0.1055;2.41;203.8;-0.603;28.61;1.93;0.0;1.0;-0.232;60.26;2.301;2.25;0.003;0.8;-1.197;31.08;2.362;2.257;0.002;0.5;0.08;18.02;2.31;0.004;-0.8;112.2;44.0;-4.293;-2.988;0.774;3.354
333;NR2/NAr2;-0.2124;-0.1083;2.62;210.87;-0.596;27.89;1.934;0.005;1.0;-0.229;60.29;2.301;2.256;0.009;0.7;-1.158;28.97;2.363;2.268;0.005;-0.1;0.114;18.74;2.303;0.006;-1.0;111.6;41.7;-4.063;-3.954;0.643;3.329
334;NR2/NAr2;-0.1653;0.0112;4.83;244.6;-0.716;41.0;1.914;-0.036;2.3;-0.343;75.07;2.316;2.268;-0.039;2.3;-1.34;45.94;2.383;2.254;-0.029;1.4;-0.058;18.89;2.318;-0.009;-0.9;107.2;41.1;1.449;4.555;-2.475;1.001
335;NR2/NAr2;-0.1833;-0.037;2.76;236.46;-0.667;38.7;1.912;-0.028;3.0;-0.297;71.42;2.308;2.257;-0.03;3.1;-1.276;41.53;2.372;2.254;-0.024;2.1;-0.007;19.34;2.304;-0.008;0.7;108.4;35.3;-0.471;3.049;-0.07;0.972
336;NR2/NAr2;-0.1723;-0.0374;8.66;239.14;-0.672;37.84;1.921;-0.024;2.8;-0.289;71.5;2.313;2.27;-0.025;3.1;-1.252;32.19;2.368;2.279;-0.012;0.5;0.024;14.0;2.32;0.0;0.1;108.0;36.3;0.338;0.789;-0.502;0.242
337;NR2/NAr2;-0.1348;0.0262;11.7;270.83;-0.716;40.91;1.933;-0.049;2.3;-0.35;76.56;2.322;2.279;-0.053;3.1;-1.308;34.9;2.378;2.301;-0.032;-0.8;-0.043;17.98;2.338;-0.022;-1.1;108.2;31.6;2.964;3.939;-3.344;-0.492
338;NR2/NAr2;-0.1388;0.0215;30.49;276.02;-0.732;40.41;1.946;-0.046;2.3;-0.348;78.98;2.331;2.294;-0.054;2.2;-1.275;36.74;2.383;2.335;-0.034;-1.7;-0.022;14.7;2.381;-0.01;-2.3;106.3;26.8;4.593;2.178;-4.44;-1.347
339;PABC;-0.1985;-0.0618;2.97;219.26;-0.627;32.73;1.904;-0.029;5.6;-0.483;61.64;2.301;2.26;-0.036;3.7;-1.178;36.02;2.35;2.239;-0.004;3.3;0.111;18.8;2.283;0.022;1.9;108.2;39.8;-2.395;1.479;1.86;-1.573
340;PABC;-0.1995;-0.0528;7.12;228.78;-0.642;35.27;1.927;-0.027;2.7;-0.519;69.11;2.308;2.268;-0.024;3.1;-1.187;33.63;2.364;2.298;-0.003;0.4;0.054;15.74;2.314;0.017;-0.8;106.8;27.4;0.25;0.101;-1.075;-0.249
341;PABC;-0.1885;-0.0089;5.43;240.02;-0.689;39.55;1.917;-0.025;3.0;-0.307;73.72;2.313;2.268;-0.023;3.4;-1.252;34.78;2.373;2.29;-0.008;0.9;-0.026;17.46;2.325;0.003;0.1;107.2;22.7;1.107;1.487;-0.563;0.629
342;PABC;-0.1849;-0.0629;5.26;227.75;-0.66;37.27;1.934;-0.01;1.1;-0.29;71.2;2.309;2.273;-0.004;1.1;-1.265;39.25;2.368;2.28;0.011;-1.1;0.014;13.25;2.334;-0.003;0.8;108.5;42.6;0.006;-0.837;-0.791;3.331
343;PABC;-0.1978;-0.07;12.34;238.85;-0.632;32.08;1.956;-0.014;1.6;-0.275;69.17;2.311;2.284;-0.015;1.7;-1.205;31.73;2.361;2.323;0.005;0.2;0.031;12.02;2.353;0.006;-2.0;108.2;21.5;0.284;-2.92;-0.615;1.073
344;PABC;-0.1873;-0.052;11.02;236.55;-0.668;35.99;1.924;-0.025;3.1;-0.293;71.09;2.311;2.275;-0.028;3.3;-1.222;33.18;2.367;2.292;-0.005;0.4;0.036;17.68;2.313;0.005;-0.9;106.5;47.3;-0.254;0.262;-0.604;-0.332
345;PABC;-0.1963;-0.0704;13.42;227.96;-0.651;29.28;1.922;-0.018;3.2;-0.258;66.71;2.308;2.261;-0.028;3.2;-1.176;34.02;2.358;2.286;0.001;-0.3;0.081;14.56;2.305;0.011;-1.5;107.4;47.9;-2.081;-1.491;-0.08;-0.618
346;PABC;-0.1998;-0.0799;7.98;227.29;-0.637;31.56;1.914;-0.023;2.8;-0.256;65.3;2.304;2.265;-0.024;2.7;-1.179;33.68;2.353;2.262;-0.007;-0.5;0.086;15.47;2.3;0.011;-0.9;107.9;51.4;-2.912;-1.065;-0.233;-0.237
347;OR/OAr;-0.1724;-0.0525;17.21;237.09;-0.716;33.09;1.907;-0.036;3.6;-0.317;64.43;2.311;2.274;-0.037;3.0;-1.2;32.28;2.358;2.272;-0.011;-1.2;0.038;16.2;2.318;0.006;-1.5;107.7;60.3;-1.259;0.59;-1.716;-1.606
348;OR/OAr;-0.1698;-0.0671;4.14;239.45;-0.671;36.11;1.9;-0.037;4.3;-0.289;71.96;2.315;2.258;-0.038;4.0;-1.213;35.38;2.371;2.255;-0.017;1.2;0.058;18.15;2.282;0.002;-0.1;107.3;51.8;-1.223;2.258;-0.139;-1.259
